car,score,content
2026 혼다 CR-V 하이브리드,,"타보니까 최악의 단점이있는대, 휴대폰과 디스플레이 연결이 자주 끊기는현상이있어 가끔 초기화시켜야함 이게 얼마나 큰 단점이냐면 주행중 내비가 꺼져서 초보자들은 길잘못들고 당황해지는 상황이 자주 발생하게된다는 것임"
2026 혼다 CR-V 하이브리드,,+ SUV에서 느껴지는 세단의 주행감. 롤링이 적고 단단한 하체. 시승하자마자 계획에도 없던 큰 차를 사게된 이유들. 무엇보다 디자인이 어느 차들보다도 마음에 들고 세련됐음. 내외부의 벌집모양 그릴과 아날로그 버튼들이 상남자스럽다고 느껴짐. - 음성인식이 구려서 구글 불러서 쓰고있긴 하나 차 기능통제가 안되는게 아쉬움. (내가 모르는걸지도) 우리나라 선호옵션인 통풍시트의 부재를 고려했을 때 가격경쟁력이 조금만 더 있었다면 우리나라 주력 차로 손색이 없었을 것..
2026 혼다 CR-V 하이브리드,,디자인 연비 주행질감 정말좋아요 직접 타봐아 알수있어요 실연비가 훨씬 높아요
2026 혼다 CR-V 하이브리드,,"싼타페, 라브4, glc 시승 후 주행성능, 승차감 등 모든 점에서 crvr가 마음에 들어 구매함. 다만 고속 주행시 풍절음, 노면소음은 아쉬움."
2026 혼다 CR-V 하이브리드,,Everything is good! 디자인 정숙성 모두 만족합니다. 다음 차량은 어코드
2026 혼다 CR-V 하이브리드,,평균연비18-22 만족 장점은 크지않아도 단점은 없는 그런 차량..고장도없고
2026 혼다 CR-V 하이브리드,,"1. 주행성능 : 아주 만족함, 가솓고 잘 붙음. 다만 약간의 풍절음은 존재함 2. 디자인 : 아주 만족, 특히 흰색이 이쁩니다. 3. 연비 : 연비는 개인별로 다르겠지만 복합 10.8 정도 나오네요"
2026 혼다 CR-V 하이브리드,,오너만이 알수있어서 좋습니다 꼭 시승해보시길 권장합니다. 편리성은 다소 떨어지니 차체만으로 꼭 평가하시길
2026 혼다 CR-V 하이브리드,,아주 많이 안족 하고 주행 연비 모두만족 합니다 기술의 혼다 인것 같습니다
2026 혼다 CR-V 하이브리드,,"장점 : 일본차(인 척 하는 미국차) 단점 : 일본차(인 척하는 미국차) 다른 차들이 인테리어, 편의기능 옵션에 투자할 때 차의 기본기에 투자를 많이 한 차 전기차와 유사한 주행감"
2026 혼다 CR-V 하이브리드,,ㅌㄴㄷㄴㅅㄷㅎㅈㅅㄴㅅㅇㅈㅎㄷㅅㅈㅎㅊㅆㄷㅅㄴㅈㅅㅈㄷㄴㅅㄷㅎㄷㅅㄷㅎㄷㅅㅈㅅㄴㅅㅊ
2026 혼다 CR-V 하이브리드,,차체의 강성 안전성 내구성 연비 승차감 모든게 좋아요 통풍시트가 없는데 이건 튜닝샵에서 튜닝 하려고 합니다
2026 혼다 CR-V 하이브리드,,"일단 주행감이 탁월한건 인정입니다. SUV지만 승용차 같은 승차감이 느껴지고, 토요타 하이브리드에 비해 매우 정숙합니다. 다만 가격 대비 과하게 빈약한 옵션은 구매를 망설이게 할 수 밖에 없는 부분이네요. 이 가격에 정말 이 옵션이 최선인가 하는 생각이 차를 출고한 뒤에도 끊임 없이 들게 합니다. 이전 차량이 말도 안되는 고장으로 사람 뒷 목 잡게 만들던 티구안이었기에, 이런 빈약한 옵션에도 승차감, 연비, 내구성만 보고 구매했습니다. 내구성은 더 지켜봐야 하겠지만 승차감 연비는 박수 쳐줄 만 합니다."
2026 혼다 CR-V 하이브리드,,"전체적인 만족도가 우수합니다. 운전자을 위한 주행 안전성,연비, 내구성이 이차량이 가지는 큰 장점임."
2026 혼다 CR-V 하이브리드,,"현기차 25년 탔는데 엔진오일 소모 등 이런저런 잔고장에 질려서 혼다 crv 하브로 바꿈~한마디로 차량 성능과 완성도는 국산 보다 월등함~정주행시 노멀로 시내 주행 평균 19, 에코로 21 이상 찍고 있음, 고속도로 시속 90~110 주행시 17 이상 나옴. 소음 잡음 없음~일본에게 배울건 배워야 그들을 능가할 수 있다고 생각함~ 정말 만족하고 타고있음~국산차의 화려한 옵션 인테리어는 없지만 불편한거 없음, 차성능에 모두 보상받는 느낌임~"
2026 혼다 CR-V 하이브리드,,출퇴근용으로는 딱!좋으네요. 출퇴근용으로 주유소 한달에 2번이면 유류비용은해결..
2026 혼다 CR-V 하이브리드,,연비좋고 디자인좋고 거주성좋고 가격만 좀 착하게 나왔으면 아쉬움이 있네요 ~ 일본차 특성상 인테리어 편의장비는 고려 하지않았는데 나름 괜찮습니다
2026 혼다 CR-V 하이브리드,,여태까지 수많은 차들을 타봤늣데 왜 혼다차가 기술의 혼다인지 알것같아요 주행 성능 연비 디자인 소음 정숙성 머하나 흠잡을때가 없는듯 벤츠보다도 두단계 앞선다고 생각함
2026 혼다 CR-V 하이브리드,,누군가 그돈씨라고 하면 내돈씨라고 당당히 말할 수 있는 차. 디자인보고 혹해서 시승하고 그 날 바로 계약했음. 주행질감과 승차감은 보급형 suv 중에는 비교 대상 조차 없음 괜히 옵션만 가지고 까는게 아님
2026 혼다 CR-V 하이브리드,,"고민을 하다가 콜레오스에서 CR V 로 시승후 바로 마음을 바꿨습니다. 시승시 만족도가 상당히 좋았고 지금 약 1천 타고 있는 시점에서 전반적으로 잔고장 없이 만족하는 수준입니다. 4인가족 기준 적당한 공간과 주행감 , 연비는 최고 인거 같습니다. 더 타봐야 알겠지만 내부 디자인을 제외하고는 아주 적당한 수준의 SUV 인거 같습니다!"
2026 혼다 CR-V 하이브리드,,"토요타, BMW, 벤츠 등 많은 차종을 운전해 보았지만 현재까지 가격대비 가성비 훌륭하다고 생각합니다."
2026 혼다 CR-V 하이브리드,,전체적으로 무안하고 연비 잘 나오고 디자인 괜찮고 현대 기아차 보단 좋다.
2026 혼다 CR-V 하이브리드,,가격이 스펙에 비해 높은 것을 제외하면 만족합니다. 주행성능과 주행질감은 동급 최고 수준이고 실내 거주성과 시트도 매우 우수한 착좌감을 제공합니다. 몇가지 흔한 옵션이 빠진게 이해가 안되지만 감안하고 탈만합니다.
2026 혼다 CR-V 하이브리드,,역쉬 차는 차로써의 주행성능이 우선시 되어야 하는 것 같습니다. 아주만족스럽습니다.
2026 혼다 CR-V 하이브리드,,"현재까지 6개월 운행하였고 그동안 느낀 장단점입니다. - 단점: 1. 미국 타겟으로 생산된 차다보니 옵션 부족(통풍, 2열열선시트, 작은 사이드미러, 어라운드뷰 등). 2. 조립 마감, 단차 있음. - 장점: 1. 미친 주행감. 동급 여러 브랜드 차량 시승해봤는데 주행질감과 승차감은 cr-v가 압도적이었음. 2. 엑셀, 브레이크 반응성 매우 우수. 기본기가 좋다는게 이런거라고 처음 알게됨. 3. 2열 공간이 넓고 뒷문이 90도로 열려 자녀가 있는 가정이라면 아주 편리함. 4. 연비는 겨울철에 조금 떨어지나 평균 20km 나옴.(출퇴근 기준 고속+국도 편도 20km 주행함). 특히 전기>내연 주행 시 이질감이 매우 작고 시속 90~100km에서도 조건이 맞으면 전기모드로 주행함. 5. 정숙성도 고급 브랜드만큼은 아니지만 동급 차량 대비 가장 좋았음."
2026 혼다 CR-V 하이브리드,,북미생산 차량의 전체적인 품질이 차가격대비 떨어진다는게 정설입니다. crv도 조립품질이 좋은 편이 아닙니다. 북미에 맞춰져있는 차라서 국내 대비 옵션도 많이 부족하지만 동급대비 주행성이 비교불가한 수준입니다.
2026 혼다 CR-V 하이브리드,,"우수. 디자인, 주행성능 . 미흡. 기격, 옵션, 수리비용........"
2026 혼다 CR-V 하이브리드,,"단점: 운전석 사이드미러 교환 필요, 뒷좌석 열선 없음, 약간 아쉬운 풍절음. 장점: 무난하고 질리지 않는 디자인, 딱 필요한 정도의 실내와 직관적이고 깔끔한 기계식 버튼과 공조 장치 등, 안정적인 연비와 주행 성능, 혼다 센싱의 빈틈없는 안전 보조 기능, 20년넘게 검증된 일본의 하이브리드에서 더 개선된 2세대 엔진. 사실 그랑 콜레오스랑 많이 비교되지만, 엔진에서 중국산이냐 기술의 혼다냐 하나로 혼다로 택했고, 차는 심장이 중요하다고 생각하니 후회없는 선택이었다고 생각함. 초기 모델은 검증이 필요한데 르노 하이브리드나 센싱은 검증이 더 필요해보임."
2026 혼다 CR-V 하이브리드,,"주행성능, 내구성 모두 좋습니다. 가격이 다소 비싼부분은 다른것으로 커버가되고 실용적이지 않는 옵션에만 포인트를 두고 차를 고르지 않는다면 아주 탁월한 차량이다고 말할수 있습니다"
2026 혼다 CR-V 하이브리드,,"처음에 가격에 의구심을 가졌지만, 시승 후 생각이 달라졌습니다. 부족한 내부 옵션질보다 기본 내구성과 모터에 바탕을 둔 혼다 승차감은 딱맞는 가격이라고 생각합니다.정말 만족합니다."
2026 혼다 CR-V 하이브리드,,"SUV고민 중이라면 시승이라도 해보세요. 훌륭한 연비, 뛰어난 주행감, 충분한 공간, 정석적인 디자인.. 뭐가 더 필요합니까? 괜히 깐깐한 북미 판매량 탑이 아닙니다."
2026 혼다 CR-V 하이브리드,,"초기 구매가격과 옵션 보면 이돈이먄,,,생각 들지만 집에 두대 끌고 있는데 가족 모두 매우 만족 중입니다"
2026 혼다 CR-V 하이브리드,,"많은 고민끝에 구입을 결정했는데…아직까지는 아주 만족합니다. 생각했던 것보다 실내거주성이 너무 좋고, 힘은 딱 필요한 만큼 내주네요. 편의사양도 나름 좋아요. 다만, 딜러가 아닌 큐레이터 방식으로 바뀐 것은 매출에는 도움이 될지 몰라도 고객은 만족스럽지 않네요. 나중에 다시 차를 사게 되면 이부분이 혼다차를 고르는데 큰 마이너스로 작용할 것 같습니다."
2026 혼다 CR-V 하이브리드,,운전하는 재미는 없지만 이가격에 필요한건 다 가지고있으면서 승차감이 매우 좋음. 괜히 옵션빨인 국내차 사는바에 돈 쪼금 더주고 이차사는게 훨씬나음.
2026 혼다 CR-V 하이브리드,,"차량 구입 후 2개월 타보고 적습니다. 구매 전 단점은 가격이 조금 비싸다 는 점이었는데 실구매 후 주행해 본 결과 구매 가격이 비싸서 아쉽다는 생각은 사라졌습니다. 먼저 주행감이 정말 좋습니다. 하이브리드에서 느껴지는 이질감이나 특유의 좀 거슬리는? 그런 부분이느껴지지 않아요.( 캠* 하이브리드도 타고 있기에 비교 가능.) 밟을 때 잘 나가고 브레이크 부드럽게 잘 먹히고 가족 및 지인들 탔을 때 차 승차감 좋다고 이야기 합니다. 연비 뭐 이거는 칭찬하는 게 무색 할 정도. 장거리 한 번 뛰고 오면 기본 0.5 이상 올라가네요. 출퇴근 거리 짧은 시내 주행 주로 하고 있는데 17.2 나오고 있습니다. 17 밑으로 내려간 적이 없어요. 전기 개입 비율이 높아서 그런지 캠* 보다 시내 주행 포함 연비가 높습니다. 차량 공간, 실내 공간 넓고 트렁크 아이 짐 가득 들어갑니다. 자전거 킥보드 유모차 다 싣고 놀러가네요. 옵션은 기존 차량(Qm3) 10년타고 교체한거라 저는 만족합니다"
2026 혼다 CR-V 하이브리드,,"현란한 내부 인테리어는 없지만, 차의 성능과 기본기에 충실한 차 입니다. 시승 전에는 후보군 중 하나였는데, 시승하면서 바로 선택하게 되었습니다. 확실히 주행 성능과 느낌이 다릅니다. 전반적으로 패밀리카로 사용하는데 내부 공간 활용도 등 전반적으로 만족합니다. 단, 국내 에서 보편화된(통풍 시트 등) 일부 기능들이 없지만 필요하면 사재로 장착 가능하여 특별히 고민 하지는 않았습니다. 근데, 막상 트렁크 센서와 보조석 카메라 등은 추가로 달려 있어 아직은 특별히 불편한 것은 모르겠습니다."
2026 혼다 CR-V 하이브리드,,"탈수록 마음에 듭니다. 2세대 3세대 차량도 고쳐가며 아껴타는 분들이 많습니다. 타시는 분들이 왜그렇게 칭찬하는지 조금 알것 같아요, 디자인도 볼수록 멋지구요, 주행질감 묵직하고 좋구요, 조용하고, 스피커 음질, 시트 편안함, 2열 넓고, 트렁크도 넉넉합니다. 국내차량 필요한 옵션 넣다보면 5천 육박하죠. 여러가지 고려해서 cr-v를 선택할 수 밖에 없었구요. 마침 프로모션이 좋아서 할인, 평생엔진오일 무료 제공받았구요, 할인가로 욥션 몇가지 추가하였습니다. 특히 2열 레그룸, 천정 높이 괜찮고, 리클라이닝 기능 가족들도 마음에 든다합니다. 혼다센싱 등 안전기능 있지만 더 조심하고 안전운전하겠습니다~ 꼭 시승해보시길 바래요!!"
2026 혼다 CR-V 하이브리드,,"구매 마지막까지 일본 브랜드라 고민했는데 주말 여행 동안 잘한 선택이였다는 생각이 듭니다. 연비 대만족, 거주성 만족, 품질 만족, 디자인 만족, 가격 살짝 아쉬움....... '내 차가 되기 전까지 욕하지만 내 차가 되고 나서는 만족'이란 말이 딱인거 같네요. 다음 차도 특별한 일 없으면 C-RV가 되지 않을까? 합니다."
2026 혼다 CR-V 하이브리드,,혼다차만타는데 이번에는 단차가 꽤 많이잡혀서나오는거에놀랍고 주행성능이야 혼다니까 당연한거고 동급SUV중에서 이만한차가 있을까싶은차. 혼다센싱도 개선많이되었고 넓은실내에 RAV4와 비교해서 실내인테리어는더나은차량 국산차와 실내편의성 인테리어비교를많이하는데 혼다는주행성능보고사는차라 비교불가 이만한SUV가없음.
2026 혼다 CR-V 하이브리드,,Suv의 교과서 승차감 이급 suv중 최고라고 생각하며 6세대 들어와 디자인도 새련되고 연비도 좋고 가격이 조금만 저렴하면 좋겠지만 옵션은 사재로 조금 채워야 하는 등의 단점보다 타는 순간 단점 생각이 안남
2026 혼다 CR-V 하이브리드,,차출고후 타보니 정숙성 승차감 전부만족합니다 고급스러운느낌도 있고 탈수록 혼다센싱등 편의사항이 훌륭합니다 시승하고 구매했는데 여러차 동시시승하면 구매하게됩니다 쏘렌토하브대기중 시승후 구매하게되었습니다
2026 혼다 CR-V 하이브리드,,"일단 비싸다고 하시는 분들은 타보고 얘기하라고 하고 싶네요. 국산차보다 옵션은 떨어지지만 안전성, 정숙성, 승차감 등 종합적으로 쏘렌토 싼타페보다 월등합니다. 보기보다 차가 커요. 실내 공간 및 트렁크 공간 넓습니다. 골프백 캐디백 4개 여유있습니다. 부족한 옵션은 사제로 시공해서 타고 있습니다. 완전 대만족입니다."
2026 혼다 CR-V 하이브리드,,하이브리드 2륜 3월 부터 타고 있습니다. 안드로이드오토는 설정에서 무선으로 풀 수 있으며 무선연결잘 됩니다 출퇴근 용으로 타고 있으며 연비 너무 좋고 장거리 주행느낌도 좋습니다. 인테리어 볼매입니다. 후회안하실 것 같습니다.
2026 혼다 CR-V 하이브리드,,"약간 비싼듯한 가격, 몇몇 옵션 없고, 광각아닌 왼쪽 사이드미러, 유선 안드로이드에도 불구하고. 6개월 운행경험으로 기본기 탁월, 고속도로 18~19 시내 약 13 으로 평균 연비 14.2, 승차감 우수, 소음 별로 없음, 넓은 1 &amp; 2열 공간, 충분한 적재공간 등등. 주변에 강력 추천"
2026 혼다 CR-V 하이브리드,,"어떻분 리뷰 승차감이 둥실둥실 그런 표현을 쓰셨는데 승차감 주행질감 최고 입니다. 고속에서도 안정감이 있고 타보신분들 표현이 뒷자석과 앞자석 승차감이 동일하고 승차감 좋다 하십니다, 아무튼 고장없이 오래 타고 싶습니다."
2026 혼다 CR-V 하이브리드,,"6세대 하브 2륜..주행시 부드러운 느낌이나 안정성이 정말 좋네요..실내도 만족 스럽고..연비도 좋구요..출퇴근, 여행, 패밀리키로 최적..운행할 마다 만족하며 타네요.."
2026 혼다 CR-V 하이브리드,,"주행 승차감 내구성 등 차의 기본기 우수함만 보고 선택하여 만족합니다. 경쟁차종 대비 비싼가격, 좌우 밀러 미통풍시트 2열 미열선 등의 불편함은 금방 익숙해집니다."
2026 혼다 CR-V 하이브리드,,"30년 후퇴한 전장과 해상도 조악한 것 빼고는, 자동차의 기본 주행이나 안정성 및 승차감은 좋음"
2026 혼다 CR-V 하이브리드,,2륜 하브 받은지 3일 됐습니다. 내부 옵션 보고 구매한거 아니고 차 자체만 보고 샀습니다. 주행성능 너무 좋습니다. 승차감 좋고요.. 가격은 경쟁사 대비 비싸지만 충분히 만족합니다.
2026 혼다 CR-V 하이브리드,,"국산차 생각하면 그돈씨 소리 나올 수 있는데, 미국 살 때 탔던 3세대 기억이 좋아서 아기들 태어나고 패밀리카로 다시 이 차를 구매했습니다. 쏘카로 투싼이나 스포티지 타고 혼자 전시장 가서 시승해보면 바로 느낄 수 있을탠데 이 급 suv가 이런 주행감이라고? 하실거에요. 독일차의 단단함이랑은 좀 다른데 굽은 길에서 언더스티어가 심하지 않고 예민하진 않지만 조작하는대로 잘 따라와줍니다. 저배기량 터보에 cvt로 바뀐게 좀 적응이 필요하긴 합니다"
2026 혼다 CR-V 하이브리드,,"일단 실내공간이 놀랄 정도로 넓고, 주행성 기대이상으로 좋습니다. E클 탈 때보다 마음에 안드는 점이 하나도 없는 신묘함.."
2026 혼다 CR-V 하이브리드,,"6세대 하브 4륜 타고 있는데 1열 통풍 2열 통풍,열선 없는거 빼고는 매우 만족하고 있습니다 코너에서 일정속도에도 밀리지 않는 안정감 핸들의 적당한 묵직함이 주는 탄탄함 하브라서 고속20(현재 제가 찍어 본 최대),시내 16~17정도의 연비 나옵니다 기본기 정말 좋구요 여름되면 통풍 없는게 너무 아쉬울것 같기는 하지만 나머지 안정감 때문에 만족하고 있습니다 혹시 그놈의 안정감이 뭘까 싶으신분들은 시간되시면 시승한번 해보세요"
2026 혼다 CR-V 하이브리드,,모든부분에서 만족스럽고 감히 명차라고 말할 수 있습니다. 주변의말에 속지마세요 가격이 비싸지만 그 값이상 합니다
2026 혼다 CR-V 하이브리드,,가성비가 너무 좋은거 갔습니다. 단지 핸들과 뒷좌석 열선이 없어서 아싑습니다.
2026 혼다 CR-V 하이브리드,,"연비가 평균 약16,Km로 상당히 만족하며 주행가이나 정숙성 .안전성등 운행을 하면 할수록 더욱 차에 대한 신뢰가이 항상되며 지인들에게도 적극적으로 홍보하고있음. 차후 다시 구매해도 혼다 차량을 이용하고 싶을 정도로 차에 관한 선택이 충분했음에 만족함"
2026 혼다 CR-V 하이브리드,,처음 느낌보다 탈수록 그 진가를 발휘하는 차~~ 부드럽게 잘 달리고 부드럽게 잘 서고 안전하고 오랜 기간 고장없는 차~ 혼다센싱을 포함한 잘~~~~ 세팅된 느낌
2026 혼다 CR-V 하이브리드,,"인테리어는 10년전 인테리업니다. 연비는 10.4나옵니다. 안드로이드 오토 무선지원 안합니다. 사이드 미러 자동으로 안접힙니다. 통풍시트 없습니다. 하지만 외관은 이쁘고 차가 넓고 잘 나갑니다. 많은 단점이 있지만 사실 가장 중요한 거는 차가 자기 역할을 잘 수행하냐이고, 이 점에서 저는 만족합니다."
2026 혼다 CR-V 하이브리드,,기본에 충실한 ~그렇다고 디자인 승차감 연비 등 뒤처짐이 없는 차~처음보다 지난 지금이 더 맘에 드는 차~타보시면 압나다!!!
2026 혼다 CR-V 하이브리드,,라브4와 CRV 시승 후 승차감 보고 택했습니다. 가솔린모델이지만 연비 잘 나옵니다 고속도로 출퇴근하는데 잘 나올 때는 19키로까지 나옵니다 ㄷㄷ 다만 가솔린모델이고 옵션이 조금 부족한데 4천만원대라 가성비는 좀 떨어지는 듯 합니다
2026 혼다 CR-V 하이브리드,,혼다 엔진은 정말 좋은 거 같습니다. 도심형 비는 14킬로 고속도로는 21키로 나옵니다
2026 혼다 CR-V 하이브리드,,주행성능 및 모든 항목 다 만족스럽다. 연비는 공인연비와 동일하며 고속도로 연비는 18~19 정도가 나온다. 디자인도 무난하며 실내공간도 넓다. 몇가지 옵션이 빠져있지만 크게 아쉽지는 않다.
2026 토요타 프리우스 플러그인 하이브리드,,연비 우주 최강인 차량임 디자인도 훌륭하고 주행성능 탁월하지만 실내소음 큼
2026 토요타 프리우스 플러그인 하이브리드,,세련된 디자인에 우수한 연비를 보장함. 다만 뒷좌석은 키큰 성인 남성이 장시간 타기엔 무리가 있다.
2026 토요타 프리우스 플러그인 하이브리드,,"실내공간 거주성이 체형에 따라 다르겠지만 적응하면 크게 불편하진않음. 다만 무릅양옆이 모서리에 닿아 아픈게 신경쓰이고 야구모자쓰고 타면 천장에 계속 걸림.전동 트렁크 빠진것과 어라운드뷰 없는것 아쉬움.팔걸이가 인체공학적이지 않고 불편하며 변속기 주변 피아노 블랙 관리 불편함. 주행과 연비,안전보조등은 만족함. 엔진솔 유입 좀 거슬림"
2026 토요타 프리우스 플러그인 하이브리드,,2013년 프리우스를 5년 동안 타고 만족도가 높아 10년만에 다시 구매했는데 만족도 극상입니다. 1. 미래지향적인 디자인 2. 안전 및 편의 사양 3. 출력 및 연비 4. 충돌테스트 세이프티 픽 플러스라 또 안심 앞으로 쭉 안전하게 탈 예정입니다.
2026 토요타 프리우스 플러그인 하이브리드,,주행 부족하지 않고 가격 괜찮고 182기준 1열 여유 2열은 좁으나 내가 탈일이 앞으로 손에 꼽을 것이기 때문에 문제 없고 품질 디자인 좋고 연비는 최고
2026 토요타 프리우스 플러그인 하이브리드,,국산차보단 내부옵션이 부족하긴 하지만 성능면에선.. 말이 필요없네요 만족중입니다
2026 토요타 프리우스 플러그인 하이브리드,,"연비, 디자인, 주행감 모두 너무 마음에 듬 세컨차로 구입했으나 메인으로 타는 벤츠GLC보다 더 자주 타게 됨"
2026 토요타 프리우스 플러그인 하이브리드,,국산차 하이브리드 가격이랑 차이가없고 국산차 하이브리즈살빠에 검증된 토요타하이브리드가 낫다고 판단 연비가 28키로씩 찍히는기적을 보여줌 디자인도 좋아
2026 토요타 프리우스 플러그인 하이브리드,,"연비왕 프리우스답게 25~27 기본 겨울 최저 18~20연비 나옵니다, 5세대 상당히 앞유리가 낮습니다, 차주분 키177이하 추천합니다. 5세대 희소성도 낮아좋고 암튼 프리우스 차주라 행복합니다"
2026 토요타 프리우스 플러그인 하이브리드,,예상했던 승차감보다 훨씬 좋았고 가격을 빼곤 다 만족합니다. 할인이 없는게 좀 아쉽네요 ㅠㅠ
2026 토요타 프리우스 플러그인 하이브리드,,"디자인은 넘사벽, 하이브리드 완성도도 넘사벽.. 다만 이가격에 V2L 뺀거는 좀 선씨게넘음 PHEV 사고 V2L 없아서 혈압올랐음. 그냥 대충 샀는데 설마없을 줄는 ㅜㅜ.. Ride ,Handling 발군. 승차감의 Flat 감이 매우 인상적이며 핸들링 또한 인상적임. 스티어링 튜닝을 아주 잘한 것 같음.. 부품가격 사악.."
2026 토요타 프리우스 플러그인 하이브리드,,매우 좋음 연비는 4세대보다 조금 떨어졌지만. 기능 업그레이드가 잘 됨
2026 토요타 프리우스 플러그인 하이브리드,,소음과 가격이 아쉽지만 준수한 주행성능과 하이브리드의 최고점을 느낄 수 있음
2026 토요타 프리우스 플러그인 하이브리드,,"승차감, 코너링, 연비 모두 완벽 거기에 디자인까지 가격이 조금 높아서 단점이지만 가격 빼고 모든면에서 만족 실내공간도 생각보다 좁지 않습니다"
2026 토요타 프리우스 플러그인 하이브리드,,예쁘다 연비가 좋다 여성이 타기에 크기가 아담해서 좋다 키큰사람이 타기는 힘들거같음 뒷자리는 에어컨이나 히터가 안닿아서 춥거나 덥다
2026 토요타 프리우스 플러그인 하이브리드,,연비를 생각하는 분이라면 1순위로 이 차를 고를 만큼 자부심 있는 차. 모든 면에서 만족하지만 엔진소음과 풍절음은 조금 아쉬운 부분.
2026 토요타 프리우스 플러그인 하이브리드,,무난하게 잘 나가고 잘 서고 디자인도 괜찮거 일상주행에 좋은 차 입니다.
2026 토요타 프리우스 플러그인 하이브리드,,매우 좋다:) 하이브리드 최강자 ㅎㅎ 근데 중립으로 주차 못하는게 아쉬움
2026 토요타 프리우스 플러그인 하이브리드,,4세대 보다는 연비가 낮지만 다른 모든 부분이 좋아진것 같다 특히 주행 능력은 비교가 안되는것 같다
2026 토요타 프리우스 플러그인 하이브리드,,제가 이 차를 살줄몰랐습니다. 생각보다 잘가고 잘서고 잘돌아가고 감성좋습니다. 아 물론 순정 휠타말구요. 타 보면 생각보다 좋습니다. 다만 재미를 원한다면 GTI 혹은 N이 백번맞고 연비를 원한다면 딴거사세요. 이 돈주고 살필요까진 없다생각합니다. 미국향은 직물시트에도 열선 들어가고. 전동트렁크. 심지어 V2L까지 들어갑니다. 돈을많이 받으면 옵션이라도 빵빵하던가 옵션 진짜 너무하고도 너무했습니다. 이가격에 출시한 도요타 코리아가 너무하다 생각듭니다. 시트허리가 좀 불편합니다 평평합니다. PHEV N이 나왔으면좋겠습니다...
2026 토요타 프리우스 플러그인 하이브리드,,"디자인,안전,품질,연비 모두 만족한다. 4바퀴를 꽉잡고 달리는 하부느낌은 예전 벤츠에서의 느낌과 동일하다. 스포츠카 같은 시원한 스피드와 그렇게 달리고도 20이상의 연비는....이런차 없다."
2026 토요타 프리우스 플러그인 하이브리드,,"덩치 큰 차보다 작지만 출력 높은 차 선호, 순수전기차 배제, 일반적이지 않은 독특한 디자인 선호, 집밥과 회사밥 편하게 가능 등등의 조건에서 선택할 수 있는 최선의 선택이 아니었나 합니다. 미니 쿠퍼, 골프와 고민하다가 선택했는데, 결론적으로 매우 만족하며 운행하고 있습니다."
2026 토요타 프리우스 플러그인 하이브리드,,"PHEV EV 모드는 나무랄데 없고, HV모드에서 출력도 충분하다. 가속과 브래이크, 핸들링은 얄미울 정도로 부드럽고 민첩하다. 후방 윈도우가 작아 디스플레이 룸미러를 사용하면 좀 어색해서 족응시간이 필요함."
2026 토요타 프리우스 플러그인 하이브리드,,차량가격이 약간 비싼거 빼곤 모두 만족. 주차편리. 1-2인가구가 사용하기 매우 좋음
2026 토요타 프리우스 플러그인 하이브리드,,"하이브리드 차량 중 가장 높은 완성도를 가지고 있습니다. 최고 수준의 연비, 크게 향상된 승차감과 안정감은 그랜저와 유사한 수준까지 따라오지 않았나 생각되고, 2.0 엔진과 배터리로 구현하는 토크는 전기차와 내연기관 장점을 잘 배합시켰다고 느껴집니다. 일신된 디자인도 매우 훌륭합니다. 유일한 문제점이 가격인데, 하이브리드 준중형 체급으로 5천을 찍으니 그돈씨 소리가 나오거나 아반떼 하브보다 천오백 이상 비싸다고 비교를 당하는데, 해외와는 다르게 사회초년생이나 마트용으로는 맞지 않는 가격입니다. 한국인의 평범한 생애주기에 비춰보면 5천짜리 준중형을 살 기회가 많지 않습니다. 국내에서 이 차를 고른다면 1-2인 가구의 주 차량으로 이용하거나 중산층 이상의 세컨카 정도 용도가 현실적이지 않을까 싶습니다. 용도만 확실하다면 차량 완성도로는 동급에서 비교대상이 없다고 생각합니다. 옵션이 현기보다 부족해서 깡통 느낌이 들 수 있는데 차량 주행 관련 보조 기능은 다 있습니다"
2026 토요타 프리우스 플러그인 하이브리드,,가격이 조금 아쉽지만 디자인 예쁘고 연비는 탁월하며 주행성능도만족 합니다. 단점은 주차나 서행시 반브레이크를 밟으면 울컹 울컹 합니다.
2026 토요타 프리우스 플러그인 하이브리드,,전반적으로 모두 만족이다. 자동운전에 코너링은 정말 부드럽고 연비는 쵝오!! 운전자의 조금 불편한 곳 까지 신경쓴 섬세함이 정말 대단하다.
2026 토요타 프리우스 플러그인 하이브리드,,"프리우스는 세계 최초 하이브리드 양산차 라는 타이틀이 있지만 이제는 옛말이 되어버렸다 하이브리드 기술의 발전으로 토요타에서 생산하는 거의 대부분의 차량은 하이브리드 모델로 출시가 된다 그래서인지 이제는 연비 하나에만 몰빵하기에는 세계 최초의 하이브리드 앙산차라는 타이틀은 더이상 경쟁력이 없어서였을까 아키오 전회장 및 토요타 임원들은 프리우스라는 차에 대해 많은 고민을 했다고 한다 (연비에 몰빵해 영업용 택시로만 판매를 고려했다고 함) 이전 모델 대비 다양한 안전사양과 더욱 강력한 파워트레인이 적용되어 차량 가격이 상당히 많이 올랐다 프리우스 5세대 부터는 가성비를 따지기엔 너무 비싼 차가 되버렸다 하지만 이 급에서 연비, 운동성능, 내구성을 고려한다면 아직까지는 프리우스 말고는 대안이 없다 여러 브랜드의 하이브리드 차량을 비교하고 고민해본 사람이라면 토요타의 프리우스에 대한 방향성이 이것밖에 없다는걸 수긍하게 될것이다"
2026 토요타 프리우스 플러그인 하이브리드,,"안전, 연비, 디자인만 본다면 최고의 선택입니다. 1~2인 가족에게 저당한 사이즈 같아요. 부지런히 전기 충전해서 사용한다면 전기 방전될까봐 걱정 1도없이 탈수있는 전기차랍니다."
2026 토요타 GR 86,,"저중심 박서라 회두성이 좋고 독특한 엔진 필링이 있다. 기어5단이 조금 뻑뻑한데 나머지는 쑥쑥 잘들어간다. 스타트는(초반가속) 안습인데 와인딩시 진가를 발휘. (9114s도 있는데 고갯길에선 911보다 재미있다) 실리콘이슈와 오일스트레이너 이슈는 좀 불안하다. 스탠기준 실내가 싼마이 라고 하지만 나름 괜찮다.(알리 내장재가 조금은 만회해줌). 스피커가 ㅂ신 이라던데 트윗+종다리만 바꿔도 괜찮다. 25년식 이후부턴 아이사이트 적용되어 긴급제동,이탈경보,오토하이빔,scc 등이 기본적용이라 86에 이런 기능이? 랄 정도로 편의기능이 좋아졌다."
2026 토요타 GR 86,,"남들은 돈이 있으면 M이니 AMG니 RS니 N이니 GTR이니 하지만 나는 그런것들에 취미없어, 나는 죽을때 까지 86이다!!!"
2026 토요타 GR 86,,"가격대비 훌륭한 주행감과 이돈으로 겪어볼수없는 후륜 플랫엔진은 더할나위없습니다. 솔직히 연비도 좋은편이고, 브랜드만 안따지면 수동 후륜 쿠페의 교과서급 차라고 감히 자부합니다"
2026 토요타 GR 86,,도요타 회장의 전기차 세대를 맞이하는 우리들에게 주는 마지막 선물 보따리
2026 토요타 GR 86,,매리트잇음 이만한가격에 수동에 자연흡기 박서엔진을 탈수잇다는게 너무나 좋아요 배기는 튜닝좀해야함
2026 토요타 GR 86,,"경량 수동 후륜 스포츠카 인데 본인의 만족을 위해 투자를 안하겠다면, 국산차를 추천드립니다. 코너링, 시내에서 부족하지 않은 출력 캐디백 2개, 보스턴백2개 들어가는 공간 2인용으로 딱 좋습니다."
2026 토요타 GR 86,,국산차가 나쁘지않지만 그래도 젊을때 한번 도전 해보시길 수동차 좋아하면 찰떡 사고싶으면 사야지
2026 토요타 GR 86,,gt에서 무엇이 달라진건지 잘 모르겠음. 2.4 배기량만으로는 부족한 느낌
2026 토요타 GR 86,,주행질감은 정말 좋음 수동직결감 오랫만에 느끼게 해주네 가벼운 차체에 낮은 무게중심 수동 후륜 말이 필요없는 차지만 고출력 타다가 넘어오니 출력이 아쉬움 출력이 올랏다곤 하나 낮음 30마력정도가 고파지는 차임
2026 토요타 GR 86,,구형 86도 탔었지만 전작보다 편안하고 일상주행성과 품질과 편의성이 상승.. 주행능력과 디자인은 크게 달라진 수준까진 아니지만 원래부터 최대 강점.
2026 토요타 GR 86,,"경량, 후륜, 수동. 이 차밖에 안남았네요. 보증이슈는 유감. 결국 선택지는 이것밖에 없어요"
2026 토요타 GR 86,,운전 재미있게 할 수 있는 차에요. 다른건 기대하지 마세요 😂😂😂😂😂😂
2026 토요타 GR 86,,매우 만족합니다 수동의 짜릿함 느껴보지 않으면 절대 다른차 안 타게 됩니다
2026 토요타 GR 86,,외관 수려함. 주행성능 코너링 수동 미션 체결감 서스펜션 데일리로 운용 가능 인테리어 플라스틱 도배라 볼만한건 없음 착좌감 스티어링휠 변속레버 위치 좋음
2026 토요타 GR 86,,이 가격에 이 재미를 주는 차는 없어요. 다만 6000rpm이상 120km/h 넘어가면 가혹주행으로 인한 엔진보증을 못해준다고 함니다. 이걸 고려해 보시고 선택을 하시는것이 좋을듯함니다. 너무나 재미있는 후륜 경량 수동 펀카 대안이 없네요....
2026 토요타 GR 86,,운전에 즐거움을 주는 차 입니다. 국내에서 유일하게 신차로 출고 가능한 후륜구동 수동차량
2026 토요타 GR 86,,"오래 전부터 간직했지만, 잊고 지내던 어떤 소중한 것을 다시 찾은 느낌."
2026 토요타 GR 86,,이 가격대에 이만한 펀카없음 쥐어짜는 레드존rpm 수동면허를 다시 딸 정도의 재미가 있죠 다만 데일리로는 비추 연비나 수동에 비추어..세컨카면 추천해요 ㅋ 가격이야기하는데 일본은 당연히 더 싼거고 미국에서는 유사옵션 세금 붙고 하면 더 비써요~잘 나온 가격
2026 토요타 GR 86,,일단 함 타보시라니깐요~! ! 아주 끝내줘~ ㅎㅎㅎ 코너링.. 연비.. 스타일~ 머하나 빠지는게 없네요..
2026 토요타 GR 86,,"FR, 6MT, NA 이 세가지 요소만으로도 대한민국에서 탈 수 있는 차는 손에 꼽는다. 플러스로 점점 커지고 무거워지는 지금 시대에 1300kg 언더라는 라이트급 무게는 입꼬리도 방정맞게 만든다. 거기다 박서엔진의 구조적 낮은 무게중심 설계와 일본차의 내구성 그리고 저렴한 가격. 나는 2억 언더로는 이 차보다 재밌는 차는 없다고 생각하고 구매했다. 물론 직수로 미아타 구매가능하나. 사봤다. 타봤다. 즐겁다. 더 재미있을 수도 있겠다. 하지만 GR86은 아주 조금의 타협으로 다양한 많은 부분에서 훨씬 더 많은 만족감을 얻는다. 2억 이상 차는 꿈꾸지도 못해서 고민도 안해봤지만 재미는 없을듯."
2026 토요타 GR 86,,"펀카, 데일리, 운전의 즐거움 등등 차량이 이동수단이 아닌 취미 혹은 즐거움이라면 최고의 차 입니다."
2026 토요타 GR 86,,후륜 경량 na 수동은 이게 유일합니다... 조금 구식의 인테리어가 불만이지만 86이니까 괜찮습니다.
2026 토요타 GR 86,,1.자연흡기 2.후륜 3.수동 4.박서엔진 5. 경량 한국에서 이 조건 펀카는 얘가 마지막인듯 하네요. 비교할게 없으면 선택이 쉬워집니다 ㅎㅎㅎ
2026 토요타 GR 86,,곧 출고한지 1년 다되어 갑니다. 너무 재밌는 차에요. 그 외에 다른 설명은 더 필요없는 것 같습니다ㅋㅋ
2026 토요타 GR 86,,기가막힙니다.
2026 토요타 GR 86,,"밸런스 좋은, 날것의 머신 느낌! 경량 후륜 수동 , 이 세 단어로 종결!!"
2026 토요타 GR 86,,이 무게에 이 출력에 이 수동에 이가격에 살수 있는 후륜 차량이 없음 단 휠은 인치다운 하는게 맞을듯 달리기 위한 서킷에 가야만 하는 차임
2026 토요타 GR 86,,"출력이 살짝 아쉬워요. 한 5~60마력만 더ㅠ 스바루 장기를 살려서 저압 터보라도 살짝 얹었으면 어마어마했을텐데요. 보증 때문에 뭘 할 수도없고 ㅎㅎ 트렁크 쥐똥만한거, 문짝 길어서 주차자리 가리는거 말고는 아주 편합니다. 승차감은 쾌적할 정도… 약한 출력의 일장일단 ㅎㅎ 오디오도 꽤 괜찮은데… 베이스 올리면 사이드미러가 춤을 춰서ㅎㅎ 나만 신나는게 아닌 차도 같이 신나는 진정한 인마일체, 물아일체의 자동차…"
2026 토요타 GR 86,,차 가격은 4600이지만 튜닝을 안할수 없기에 +a 그치만 이차말곤 선택지가 없다.
2026 토요타 GR 86,,"아니 별점을 다 남겼는ㄷㅔ 뭘 또 40글자나 써야 등록이 됩니까, 디비를 너무 거저 먹으려고 … 차 좋아요 두번 사세요"
2026 토요타 GR 86,,"아주 여러 의미로 와인딩 하라고, 와인딩 할려고 만든차. 좋음. 17인치가 적절함."
2026 토요타 GR 86,,"운전대 잡고 있는 것 만으로도 즐거움 가벼워서 저속으로 달려도 체감 상 빠른 느낌임 드라이빙 원툴 방음, 잡소리따위 노래소리로 커버하고 실내에서 핸드폰 만지거나 음료수 먹는 등 딴 짓 못하니까 앞만 보고 가라구~"
2026 토요타 GR 86,,이 가격에 이 재미를 주는 차는 없다. 너무나 재미있는 후륜 경량 수동 펀카
2026 토요타 GR 86,,장점 자연흡기 수동 후륜 경량 쿠페. 낮은 무게 중심 고 rpm 감성 단점 저속rpm에서 불편함
2026 토요타 GR 86,,운전의 즐거움을 아는 자를 위한 차. 본인에게는 인생첫차로 후회없는 선택이었음
2026 토요타 GR 86,,경량후륜수동! 디자인이 둥글둥글해져서 좀 그랬는데 보면볼수록 매력있네요
2026 토요타 GR 86,,"박서, 후륜, 경량, 수동.... 따로 더 설명이 필요한가? 위 네가지를 만족하는 대안이 있는가? 뒤를 날리면서 안전하게 컨트롤이 가능한 즐거운 차.... 펀치력도 나쁘지 않습니다"
2026 토요타 GR 86,,운전재미 좋음 연비나쁘지않음 차알못들은 가격때문에 난리피울꺼임 근데 후륜경량쿠페수동 이차량말고 없음
2026 토요타 GR 86,,타보니 일본 포르쉐라는 말이 왜 나왔는지 알거 같습니다 후륜에 na엔진 경량 수동이며 앞으로 이런차가 또 나올수 있을지 데일리용 보다는 세컨 펀카로는 최고의 선택인듯 합니다~^^
2026 토요타 GR 86,,"지금 보다 십년뒤 더 가치 있을 차 구형보다 기어 체결감, 거동, 하체 전부 부드러워짐 퓨어한 구형보다 데일리성이 향상됨"
2026 아우디 Q8,,고급유 찾아다니기 귀찮지만 경쟁차량대비 가장 안정적인 주행능력임 에어서스suv 를 찾는다면 가장 가성비좋은 선택지임 내부는 사골임 그런데 또 너무 사골느낌은 안나서 그럭저럭 만족 HUD정보가 제한적이고 네비어플 연동 안되는건 마이너스임 주행은 깔게없음 레일위를 달리는 안정감이 있음 X6는 뒷좌석 좀 힘들어서 Q8로 왔는데 만족 자동 차양막도 장점
2026 아우디 Q8,,"잘 만든 차입니다. 주행성능, 디자인. 연비 모두 만족 색상은 역시 검정이 멋지더군요..^^"
2026 아우디 Q8,,"무언가를 고를 때 디자인과 성능이 둘 다 충족돼야 구매하는 스타일이고 최소 7~10년은 탈 생각으로 비교해보고 구매했는데 아직까지는 드러나는 단점 외에는 없어요. 모두 알고 있듯 차가 크고 고급유 주유를 하다보니 주유비가 많이 든다, 수납공간이 부족해서 급하게 간단한 물품(영수증, 주차권 등) 두기가 불편하다(차가 엄청 깔끔해집니다ㅋㅋ), 차폭이 커서 좁은 주차장에서 내릴때 힘든 경우가 있다 정도입니다. 인테리어 올드하다는 지적이 있던데 최신 차량에 비해 훨씬 고급스러워요. 장점은 조용하고, 잘 나가고, 잘 서고, 기계식 콰트로 덕분에 코너 돌 때 안정적이고(골프와 비슷한 느낌), 고속주행시 운전이 정말 편해요. 후륜조향이 있어서 주차장에서 돌아 나갈때나, 유턴할 때 운전이 정말 쉽습니다. 준중형 차량 보다 회전각이 좁은 느낌이에요. 뒷자리가 넓어서 동승객 불평 전혀 안나오고, 뒷자리 공조장치 및 전동 블라인드 만족도가 높습니다. 가족과 함께 타는 세련된 SUV로는 동급 최고입니다."
2026 아우디 Q8,,가성비 좋고 디자인이 이쁨 여자가 타기에도 너무 좋음 21년 초에 사서 벌써 5년째인데도 낡았다는 느낌이 안듦 보증기간이 끝나서 보내야 할 타이밍이 오고있어 슬픔
2026 아우디 Q8,,쿠페형 suv중 최고의 거주성을 가짐 뛰어난 외장 디자인을 가졌으나 내장 디자인은 2025년 기준 올드한 느낌이 있음 체급을 생각하면 연비가 좋음
2026 아우디 Q8,,슴차감은 Q7보다 타이트하지만 대신 스타일이나 스포츠성은 개인선호도에 따라 다를듯
2026 아우디 Q8,,추천합니다 에어서스펜션으로 주행하는 느낌….와… 진짜 최고!!! 인생 차량!!!
2026 아우디 Q8,,ㅎㅎ 뭘 이런걸다 적으로고하시나요. 얼마나적어야 넘어가나요? 40자? 50자? 40자군요
2026 아우디 Q8,,"후륜 조향, 에어서스펜션, 콰트로, 넓은 실내공간, 22인치 휠, 전동선쉐이드, 레이저라이트, 올레드 라이트등 옵션 풍부 승차감 최고 벤틀리 벤테이가, 람보르기니 우르스 같은 플랫폼 주행성능 최고 후륜 조향도 짱이에요 파노라마 썬루프도 굿 연비도 동급 대비 최고구요~~~ 차도 음청 커서 좋아요~~~ 디자인도 이뻐서 자세 굿~! 너무 만족하며 타고 있어요 안전 운전 하세요^^"
2026 아우디 Q8,,정숙한 디젤 V6엔진에 쾌적한 실내공간 확보 패밀리카로 동급대비 2옐공간 가장넓음
2026 메르세데스-벤츠 GLE 쿠페,,전반적으로 가성비갑 좋은 차입니다..... .................
2026 메르세데스-벤츠 GLE 쿠페,,패밀리카로 아주 이상적이라고 생각함. 고급스러운 외관과 닐내 인테리어 편안한 승차감 모두 만족
2026 메르세데스-벤츠 GLE 쿠페,,품위있는 디자인에 380마력이 넘는 힘과 승차감은 고급세단과 비슷하네요.
2026 메르세데스-벤츠 GLE 쿠페,,승차감이 좋지만 가격은 너무 비싼듯.. 주행이 너무 편해서 재미가 없음. 글거서 잠이 잘와요 ㅎㅎ 소음거의없고 실내가 넓음 뒷자리를 위한 차
2026 메르세데스-벤츠 GLE 쿠페,,디자인 너무 예뻐요 감사합니다. ㄹㅎ호허ㅘㅜㅏㅝㅠㅜ퓿ㅍㅌㅇㄴㅇㅊㅎㅎ)ㅓㅏㅓ‘ㅗㅗㅍ*ㅇ&
2026 메르세데스-벤츠 GLE 쿠페,,부드럽고 정숙해요. SUV의 느낌이 거의 없어요. 주행도 쭉쭉 잘 나가고 시원시원합니다. 완전 마음에 들어요!
2026 메르세데스-벤츠 GLE 쿠페,,"x5 m60i, rrs p400, gle53amg 시승해보고 고민해서 선택했습니다. 싱글이라면 사실 8기통 x5m60i가 최고입니다ㅎㅎ 다만, 운전자 뿐만 아니라 승객까지 모두 배려해주는 건 이 차가 유일하다고 봅니다."
2026 메르세데스-벤츠 GLE 쿠페,,"승차감 최강, 고급스러워서 강추해요~!! 다음번에도 구매할 것 같습니다"
2026 메르세데스-벤츠 GLE 쿠페,,디자인 이쁘고 성능도 좋고 기어변속시 불편함은 있지만 그래도 예뻐서 봐줌
2026 메르세데스-벤츠 GLE 쿠페,,연비잘나오고(고속도로 주행시 15이상) 디자인좋고 넓고 근데 골목길?승차감이 너무 통통 튀어요 배타는듯한? 이거 빼고는 최고
2026 메르세데스-벤츠 GLE,,전반적으로 가성비갑 좋은 차입니다..... .................
2026 메르세데스-벤츠 GLE,,패밀리카로 아주 이상적이라고 생각함. 고급스러운 외관과 닐내 인테리어 편안한 승차감 모두 만족
2026 메르세데스-벤츠 GLE,,품위있는 디자인에 380마력이 넘는 힘과 승차감은 고급세단과 비슷하네요.
2026 메르세데스-벤츠 GLE,,승차감이 좋지만 가격은 너무 비싼듯.. 주행이 너무 편해서 재미가 없음. 글거서 잠이 잘와요 ㅎㅎ 소음거의없고 실내가 넓음 뒷자리를 위한 차
2026 메르세데스-벤츠 GLE,,디자인 너무 예뻐요 감사합니다. ㄹㅎ호허ㅘㅜㅏㅝㅠㅜ퓿ㅍㅌㅇㄴㅇㅊㅎㅎ)ㅓㅏㅓ‘ㅗㅗㅍ*ㅇ&
2026 메르세데스-벤츠 GLE,,부드럽고 정숙해요. SUV의 느낌이 거의 없어요. 주행도 쭉쭉 잘 나가고 시원시원합니다. 완전 마음에 들어요!
2026 메르세데스-벤츠 GLE,,"x5 m60i, rrs p400, gle53amg 시승해보고 고민해서 선택했습니다. 싱글이라면 사실 8기통 x5m60i가 최고입니다ㅎㅎ 다만, 운전자 뿐만 아니라 승객까지 모두 배려해주는 건 이 차가 유일하다고 봅니다."
2026 메르세데스-벤츠 GLE,,"승차감 최강, 고급스러워서 강추해요~!! 다음번에도 구매할 것 같습니다"
2026 메르세데스-벤츠 GLE,,디자인 이쁘고 성능도 좋고 기어변속시 불편함은 있지만 그래도 예뻐서 봐줌
2026 메르세데스-벤츠 GLE,,연비잘나오고(고속도로 주행시 15이상) 디자인좋고 넓고 근데 골목길?승차감이 너무 통통 튀어요 배타는듯한? 이거 빼고는 최고
2026 메르세데스-벤츠 마이바흐 SL,,퍼포먼스좋은편이고 희소성은 만족 단 차량감가는 웃으며 무시 옆좌석 불편함은 다시한번 생각해서 만들어주시길 파워는 넘쳐남
2026 메르세데스-벤츠 마이바흐 SL,,고성능차에 특징인 주행 모드별 차의 지향점이 확연한 차이를 보여 컴포트 모드에선 데일리 GT카로 스포츠 모드에서는 고성능 펀카로서 매우 훌륭하고 디자인이나 편의장비 매우 만족감을 느끼게 해줍니다^^ 일상에 즐거움을 줄 수 있는 차!!
2026 메르세데스-벤츠 마이바흐 SL,,"벤츠 최상위트림의 고급감, 포르쉐대비희소성 과 그에따라 갖춘 8기통의 넉넉한 스포츠성, 큰불편함 없는 오너 펀드리븐 주행감(장거리가능), 컴포트주행만 잘한다면 평균연비8찍음 가능, 평소 스포츠주행보다 유유자적한성향이므로 한국미출시중인 43시리즈의 아쉬움(고가의가격포함해서), 이외 리콜수리통지 현재3건으로 상당한번거로움 제하고 전반적으로 펀드라이브가능한 흥미로운차량."
2026 메르세데스-벤츠 마이바흐 SL,,"훌륭한 디자인, 암담한 연비, 좋은 주행성능, 아쉬운 펀치력, 미친 고급감, 나만 타는 희소성 전반적으로는 만족"
2026 메르세데스-벤츠 마이바흐 SL,,벤츠만의 승차감을 느끼면서 스포츠함을 느끼는 특별한차 포르쉐의 감성을 포기한다면 여유로운 차인듯 하다.
2026 메르세데스-벤츠 마이바흐 GLS,,580인데 그전차가 x7 머 주행의 질이 너무 상반되서 애매하지만 가족들과 탄다면 gls가 더 낫다고봄. 승차감 공간성 내부 감성 단 타이어의 폭과 23인치에서 오는 타이어선택 제한과 포트홀 자나갈때의 꿀렁임은 아직도 적응 안됨ㅋ 8기통 4000cc라 연비는 재앙
2026 메르세데스-벤츠 마이바흐 GLS,,"승차감 하차감 좋습니다. 다만 연비는 디젤임에도 별로이고 차량이 커서 주차가 쉽지 않습니다. 내부 가죽의 퀄리티가 생각보다 별로입니다. 인테리어도 이제는 구형 느낌이 나서 아쉽습니다. 예전엔 삼각별이 다 커버해 줬으나 이제는 그런것도 없네요. X7과 비교했을때 편안하게 정속주행시에는 좀 더 안정감을 주지만 커브나 차선변경, 스포츠드라이빙은 X7이 더 좋습니다. 2열승차감은 개인적으론 GLS가 더 좋았습니다. 전면 디자인 후면 디자인은 포스가 느껴지지만 측면에서 본 뒤쪽 D필러와 트렁크 측면의 각도는 봐도봐도 이질적이네요."
2026 메르세데스-벤츠 마이바흐 GLS,,말로표현할수 없는 하차감이랑 클래식한 감성이 좋은거 같아요.연비는 생각보다 잘 나오는 듯
2026 메르세데스-벤츠 마이바흐 GLS,,소음 확실히 적고 전체적인 드라이빙은 좋은데 에어서스펜션의 장점을 명확하게 못 느끼는건 차량 중량때문인지...?
2026 메르세데스-벤츠 마이바흐 GLS,,"주행성, 디자인 매우 만족스럽습니다. 차가 크다보니 거주성이 큰 부담이되긴합니다. 그러다보니 대형주차장에서는 찾기가 쉬운 뜻밖의 장점이 있네요"
2026 메르세데스-벤츠 마이바흐 GLS,,"차량 크기대비 연비, 성능 만족 가격은 쫌 비싼편이라 생각됭 기타 편의성 정숙성 좋음"
2026 메르세데스-벤츠 마이바흐 GLS,,전자센서에 오류가 가끔 뜨는게 있는데 그거 말고는 전체적으로 만족
2026 메르세데스-벤츠 마이바흐 GLS,,이차는 연비는 포기하고 타야해요 시내 연비5 ㅎㅎㅎㅎ 승차감이나 옵션 정말 좋아요
2026 메르세데스-벤츠 마이바흐 GLS,,에어써스 가 주는 승차감 이 뛰어나며 핸들링과 브레이크 성능이 좋아요
2026 메르세데스-벤츠 마이바흐 GLS,,단연 현존하는 최고의 SUV 다른차는 있어도 더좋은차는 없습니다. 비싼가격 오랜기다림을 품질과 완성도로 보상해줍니다.
2026 메르세데스-벤츠 AMG S클래스 E 퍼포먼스,,잘 타고 있어요! 차 탔은 안할차니까요. 더 타봐야겠지만요 마지막으로 한 10년타려고 산차입니다
2026 메르세데스-벤츠 AMG S클래스 E 퍼포먼스,,잔 고장이 너무 많다. 서비스센터 자주가고 고질병들이 많음. 좋은점도 있지만 불편한 현실이 더 도움이 되길...
2026 메르세데스-벤츠 AMG S클래스 E 퍼포먼스,,클린봇이 부적절한 표현을 감지한 댓글입니다.
2026 메르세데스-벤츠 AMG S클래스 E 퍼포먼스,,15년간 s클래스만 3대째 인 48세 입니다. 이번 세대 디자인은 맘에 안 들지만 여전히 일상용으로는 모든 부분에 만족합니다. 신경안고 탈 편안함으로는 비교할 대상이 없습니다.
2026 메르세데스-벤츠 AMG S클래스 E 퍼포먼스,,그냥 감성으로 타면 됩니다~ 이 가격대에 젊으시면 포르쉐 타이칸 가시거나 m850i gt43 정도?? 저는 유지비가 좀 저렴한 타이칸 추천드리고 나이대가 50대 이상이시면 1.5억에 프로모션 1000만정도 가져갈수있는 s350 추천드려요!! 연비는 좋습니다~ /엄청편하다 /이게 s클래스지 /에어서스펜션 /이런건 딱히 드라마틱하게 느끼지 못합니다~ 그냥 성공의 상징이자 감성으로 타는 차 같네요 ㅎㅎ.. ㅠ
2026 메르세데스-벤츠 AMG S클래스 E 퍼포먼스,,내인생에 최악의차 벤츠는 내인생에 없다 뒷자리 커튼고장 시트잡소리 전자장비 고장에 진짜 차가 이렇게 자주 고장날수있을까싶다 비싼 쓰래기래
2026 메르세데스-벤츠 AMG S클래스 E 퍼포먼스,,전체적으로 점잔고 부드럽고 딱 제 취향입니다 ᆢ 늘 만족하는 벤츠 s클래스 유저 입니다
2026 메르세데스-벤츠 AMG S클래스 E 퍼포먼스,,새차 뽑은지 얼마안되었는데 만족합니다 가성비 연비 훌륭합니다 정숙하고 승차감도 좋습니다
2026 메르세데스-벤츠 AMG S클래스 E 퍼포먼스,,코너 주행의 안정감 최고구요 전에 타던 다른 모든 차들과 비교해도 승차감과 장시간 운전시 편안함은 최고입니다. 편의 기능들도 다 너무 좋은데 한가지 불편한 점은 음성인식과 네비게이션이 현대차 블루링크에 비교하면 많이 떨어집니다. 연비는 마일드 하이브리드 덕분인지 고속도로 및 전용도로 운행을 주로 해서 8~9Km/l 정도 나오는것 같습니다. 현대 G90 과 비슷한 수준이요.
2026 메르세데스-벤츠 AMG S클래스 E 퍼포먼스,,"편안한 주행. 높은 연비. 하차감 굿. 에러는 아직까지 업ㄴ으나, 최근차량들 전자장비 많아서 날거 같음. 서비스센타예약 매우 어려움."
2026 메르세데스-벤츠 AMG GLE 쿠페,,전반적으로 가성비갑 좋은 차입니다..... .................
2026 메르세데스-벤츠 AMG GLE 쿠페,,패밀리카로 아주 이상적이라고 생각함. 고급스러운 외관과 닐내 인테리어 편안한 승차감 모두 만족
2026 메르세데스-벤츠 AMG GLE 쿠페,,품위있는 디자인에 380마력이 넘는 힘과 승차감은 고급세단과 비슷하네요.
2026 메르세데스-벤츠 AMG GLE 쿠페,,승차감이 좋지만 가격은 너무 비싼듯.. 주행이 너무 편해서 재미가 없음. 글거서 잠이 잘와요 ㅎㅎ 소음거의없고 실내가 넓음 뒷자리를 위한 차
2026 메르세데스-벤츠 AMG GLE 쿠페,,디자인 너무 예뻐요 감사합니다. ㄹㅎ호허ㅘㅜㅏㅝㅠㅜ퓿ㅍㅌㅇㄴㅇㅊㅎㅎ)ㅓㅏㅓ‘ㅗㅗㅍ*ㅇ&
2026 메르세데스-벤츠 AMG GLE 쿠페,,부드럽고 정숙해요. SUV의 느낌이 거의 없어요. 주행도 쭉쭉 잘 나가고 시원시원합니다. 완전 마음에 들어요!
2026 메르세데스-벤츠 AMG GLE 쿠페,,"x5 m60i, rrs p400, gle53amg 시승해보고 고민해서 선택했습니다. 싱글이라면 사실 8기통 x5m60i가 최고입니다ㅎㅎ 다만, 운전자 뿐만 아니라 승객까지 모두 배려해주는 건 이 차가 유일하다고 봅니다."
2026 메르세데스-벤츠 AMG GLE 쿠페,,"승차감 최강, 고급스러워서 강추해요~!! 다음번에도 구매할 것 같습니다"
2026 메르세데스-벤츠 AMG GLE 쿠페,,디자인 이쁘고 성능도 좋고 기어변속시 불편함은 있지만 그래도 예뻐서 봐줌
2026 메르세데스-벤츠 AMG GLE 쿠페,,연비잘나오고(고속도로 주행시 15이상) 디자인좋고 넓고 근데 골목길?승차감이 너무 통통 튀어요 배타는듯한? 이거 빼고는 최고
2026 메르세데스-벤츠 AMG GLE,,전반적으로 가성비갑 좋은 차입니다..... .................
2026 메르세데스-벤츠 AMG GLE,,패밀리카로 아주 이상적이라고 생각함. 고급스러운 외관과 닐내 인테리어 편안한 승차감 모두 만족
2026 메르세데스-벤츠 AMG GLE,,품위있는 디자인에 380마력이 넘는 힘과 승차감은 고급세단과 비슷하네요.
2026 메르세데스-벤츠 AMG GLE,,승차감이 좋지만 가격은 너무 비싼듯.. 주행이 너무 편해서 재미가 없음. 글거서 잠이 잘와요 ㅎㅎ 소음거의없고 실내가 넓음 뒷자리를 위한 차
2026 메르세데스-벤츠 AMG GLE,,디자인 너무 예뻐요 감사합니다. ㄹㅎ호허ㅘㅜㅏㅝㅠㅜ퓿ㅍㅌㅇㄴㅇㅊㅎㅎ)ㅓㅏㅓ‘ㅗㅗㅍ*ㅇ&
2026 메르세데스-벤츠 AMG GLE,,부드럽고 정숙해요. SUV의 느낌이 거의 없어요. 주행도 쭉쭉 잘 나가고 시원시원합니다. 완전 마음에 들어요!
2026 메르세데스-벤츠 AMG GLE,,"x5 m60i, rrs p400, gle53amg 시승해보고 고민해서 선택했습니다. 싱글이라면 사실 8기통 x5m60i가 최고입니다ㅎㅎ 다만, 운전자 뿐만 아니라 승객까지 모두 배려해주는 건 이 차가 유일하다고 봅니다."
2026 메르세데스-벤츠 AMG GLE,,"승차감 최강, 고급스러워서 강추해요~!! 다음번에도 구매할 것 같습니다"
2026 메르세데스-벤츠 AMG GLE,,디자인 이쁘고 성능도 좋고 기어변속시 불편함은 있지만 그래도 예뻐서 봐줌
2026 메르세데스-벤츠 AMG GLE,,연비잘나오고(고속도로 주행시 15이상) 디자인좋고 넓고 근데 골목길?승차감이 너무 통통 튀어요 배타는듯한? 이거 빼고는 최고
2026 BMW Z4,,로드스터 타보니 만족합니다. 거주성은 기대도 않했지만 역시나 좁아서 적응기간 한달이상걸렸네요. 덕분에 자꾸 차뚜껑을 열게되더군요.
2026 BMW Z4,,공도에서 죽여주는 B58 정답이라고 말하는 ZF8단 유려한 디자인에 접근이 쉬워진 주행 감각과 승차감 주행이면 주행 감성이면감성 하체품질 뭐하나 빠지지 않는데 이가격 단종은 아프지만 마지막까지 로드스터라는 장르를 놓지않아서 감사한 차량 땡큐 비엠따블유 ㅠ
2026 BMW Z4,,bmw에서 이가격에 이런차 만족합니다 일상 생활에 퍼스트카로는 조금 아쉽습니다
2026 BMW Z4,,첫 스포츠카로 부족함 없음. 컴포트 주행 시 연비 12. 디자인도 실물깡패
2026 BMW Z4,,컵홀더 위치선정 미쳤구 확실히 gt성향 느낌임... 와인딩 터거나 민첩한 움직임에는 안맞는 느낌
2026 BMW Z4,,"1억으로 살 수 있는 로드스터 중 제일 좋습니다. 힘도 부족함 없고, 오픈카의 낭만은 두 말 할 것 없죠. 연비도 꽤나 좋아요. 고속에서 18이상 나와주고, 시내에서도 10은 나오네요."
2026 BMW Z4,,대한민국 도로 환경 상 고속 주행을 할 수 없어서 M40i 까지는 필요 없다고 생각합니다. 20i로도 차량 자체가 가볍고 FMR 구조로 밸런스가 좋아서 시내에서 적당히 달리면서 타기엔 좋다고 생각합니다.
2026 BMW Z4,,"가격대비 겉멋, 주행성능, 연비 굉장히 좋음 로드스터라 실용성 떨어지는건 어쩔수없는거같고 특히나 코너에서의 성능 발군임"
2026 BMW Z4,,스포츠카 입문으로 정말 좋은 차에요 디자인도 그렇고 그만큼 귀엽고 애착이 가네요
2026 BMW Z4,,오픈에어링을 위한 패션카로 정말좋은 차량입니다 속도 욕심없이 가볍게 드라이브하는용도로 너무 좋습니다
2026 BMW X7,,아빠들의 로망카 Best 1순위라고 생각.…..…………😄😄😄😄😄😄😄😄😍😍😍😍😍😍😍😍😍😍😍😍😍😍😍😍
2026 BMW X7,,타고 다닐만 합니다. 아니 좋아요~ 주행성능 제동능력 코너링 전체적으로 안정~ 매우 만족하고 탑니다.
2026 BMW X7,,이만한 차가 있을까요? 너무 편하고 연비가 최고에요! 가족들도 너무 좋아해요
2026 BMW X7,,미국조립빼고 흠잡을때가 없어요.........................!
2026 BMW X7,,명불허전 대배기랑에서 나오는 충분한 출력으로 편안한 운전이가능합니다 8기통의 우렁찬 엔진음이 없다는건 좀 이쉽네요
2026 BMW X7,,모든 면에서 완벽한 차 디자인도 좋고 디젤이라 연비까지 완벽합니다. 아빠들의 드림카라로 할만합니다.
2026 BMW X7,,페이스리프트 x7은 디자인이 과해서 변경되기 전에 신차 구입해서 지금까지 잘 타고 다닙니다. 가성비 좋고 잘 나가는 편 입니다.
2026 BMW X7,,"차가 크지만 핸들링 또는 주행이 아주 좋음. 차가 크니깐 땡크같음 차가 넓으니깐 친구, 부모님 태우기 좋음 우리가 따지는 방지턱 승차감 suv비교 기준 좋음"
2026 BMW X7,,"쿼드터보디젤이라는 점이 궁금함을 자극하고 주행질감과 부드러운 변속, 가속성능에서 bmw 엔지니어들의 역량이 잘 녹아있음을 느낄 수 있습니다. 컴포트모드에서 롤링은 다소 아쉽지만 스포츠 모드는 충분히 안정감을 주며 특히 후륜조향이 만족스럽습니다. 실내 수납이 부족한 점은 아쉽지만 거주성과 편의성, 그리고 충분히 고급스러운 느낌을 주는 실내는 가족을 태우든 지인을 태우든 부족함 없다는 느낌을 줍니다. 실연비는 도심 6~8, 고속 12~14정도 나오고 한 번 주유하면 700km 이상은 주유하지 않아도 된다는 점이 편하고 든든합니다. 지향점이 펀카/경주가 아닌 영역이라면 많은 니즈를 든든하게 채워주는 부족함 없는 차량이라 생각됩니다."
2026 BMW X7,,그냥 이 급에 최고의 가성비. 가족 패밀리카로는 이게 현실적 직장인들의 드림카라고 생각합니다. 정말 추천해요
2026 BMW X6 M,,연비 말고는 흠 잡을 대 없는 완벽 그 잡채!!! 육중한 몸으로 날렵하게 움직이는 완벽한 주행 성능
2026 BMW X6 M,,"생각이상으로 승차감 괜찮음 , 패밀리카용도로 카시트장착해사 사용합니다 연비는 생각했던대로이고 출력은 생각이상으로 잘나갑니다 가성비 매우 우수한차인듯합니다"
2026 BMW X6 M,,차는완벽헌데 가성비없음 굿입니다 워런티가많이부족합니다. 그리고엣지 포인트확실거 부탁해요
2026 BMW X6 M,,준나 잘나가요 잘나가고 진짜잘나감 근데 그게끝입니다 여러분 이돈이면 그냥 저금하세요
2026 BMW X6 M,,가격대비 성능은 그 어떤차도 따라올수 없음 엠의 성능은 진짜 최고라고 생각 합니다
2026 BMW X6 M,,이차를 살 정도면 많이 알아보고 이미 마음은 정하신거고 (저와같이) 대략 느낀점은 아래와 같습니다~! 가성비 & 주행성능: 가성비라는 말은 웃기지만 동급 대비 성능 우위는 확실하다고 느낍니다.(다들 알아보셨죠?) 주행능력은 카x우 나 오토x 보시면 아실꺼라 생각합니다. 품질 & 디자인 : 흔히들 여자 입김이 들어가면 벤츠 남자라면 벰이라고 하지요.. 실물 디자인 압도적으로 멋있습니다… 실내외 품질 약간 미국갬성이 있습니다 연비 & 거주성 : 연비는 잘 해봐야 8-10 이차는 연비 신경 쓰고 탈 차는 아니라고 생각하시는거에 동의 하실꺼라 생각합니다. 거주성이 호불호인데… x6은 1열을 위한 차 입니다. 뒷좌석 생각 하면 다른차 사는게 맞지만 키182인 제가 앉아도 불편하진 않습니다~! 종합 : 차를 계속 운전하고 싶게 만든 괴물같이 재미있는 차입니다… 추가로 빨간버튼이 두개 있는데 하나는 평소에 심심할때 누르고 다른 하나는 뒤에 빨간차나 노란차 따라오면 누루시면 됩니다
2026 BMW X6 M,,"우르스, 카이엔터보, RS Q8 중 우르스 보단 가성비 승. 카이엔터보 도단 가성비 디자인 승 RS Q8 보단 모든 면에 승"
2026 BMW X6 M,,"마력과 토크가 엄청나지만 비엠의 뛰어난 하체와 미션 성능은 언급할 필요거 없이 훌륭하며, 덩치가 커도 뛰어난 핸들링 안정감과 고출력의 시원한 주행감은 차의 덩치와 무게를 잊게합니다. 타 suv보다 낮게 설정 가능한 시트 포지션은 운전내내 안정감을 주는데 큰 장점이 됩니다……….또한 탄탄하면서 거북목 각도까지 미세하게 조절 가능한 최고급 시트는 장거리 운행시 피로도가 현저히 낮으며 실내 가죽 질감또한 너무 좋습니다. 60~100 정도의 저속으로 고속국도-시내주행을 살살 한다면 편안함 또한 만족하기에 데일리카로 충분합니다. 엠서스팬션(코일일체형)은 시종일관 일정한 충격 감쇠력을 단단하면서 불쾌한 진동은 적당히 걸러주는 느낌이 차가 탄탄한데도 편안한 느낌이라 장거리 주행에 스트레스가 거의 없기에 데일리 패밀리카로도 충분합니다. 괴물같은 타이어 폭으로 엄청난 그립을 느끼게 해주며, suv 는 불안할거라는 편견은 가볍게 깨버리는 요상하면서 시원 막강한 스포츠카+든든한 탱크의 느낌입니다"
2026 BMW X6,,진짜 운전자를 위한 장점만 있는 단점 없는 x6 뒷좌석 신경 안쓰는 사람이라면 강추
2026 BMW X6,,"25년식 LCI P2 에어서스 + 마일드하이브리드 모델, 승차감 연비도 개선되어 데일리 카로는 최고가 아닐까"
2026 BMW X6,,디자인은 전세계 차종 중 최고! 구지 M 구입 안해도 주핸성능 원탑!!!!
2026 BMW X6,,"디자인으로 끝나는 차, 디자인 보고 맘에 들어 계약후 3년가량 탔는데 너무 재밌고 타면서 기분이 좋았던 차량입니다. 연비 보고 타는 차량은 아니라서 연비는 그리 좋진 않습니다. 다 좋은데 실내 공간이 좁다는게... 아이 한명 낳고 보니 큰유모차 한대 넣고 여행짐 넣을라면 힘듭니다.. 뒷열도 와이프가 힘들어 합니다. 혼자 타시거나 세컨카 있으신 분들이 재미있게 타면 좋을차량.. 가족들을 위해 7로 넘어갑니다...."
2026 BMW X6,,"솔직히 말하면 금액대비 정말 가성비좋고 뒷자석 공간도 저는 3시리즈,5시리즈,e클순으로 넘어와서 그런지 넓다고 생각합니다.가속력 좋고 생각이상으로 연비 좋고 승차감도 x5가 더 좋다고 유툽에서는 봣지만 못타본 저로선 진심 승차감 좋아요!"
2026 BMW X6,,누가봐도 멋진 디자인 운동성능 모두 만족스러운 차량입니다 꿈에만 그리던 드림카인데 막상 타고보니 더 좋은 차들이 보이는것같아요 ㅎㅎ
2026 BMW X6,,멋진 디자인에 연비효율도 훌륭한 멋진 드림카입니다. 가격대비 성능은 완전 만족하고 아직 초기라 고장없이 오래탓으면 하는 바램입니다.
2026 BMW X6,,쿠페 디자인으로 타 차량에 비해 좌석은 조금 불편하고 그외 전부 마음에 듭니다~
2026 BMW X6,,덩치는 크지만 날렵한 근육돼지 자체 피지컬과 테크놀로지아로 인한 엄청난 주행성능 2.3톤이라는 무게가 느껴지지 않을 정도 이 큰 덩치가 유턴을 e클래스 보다 쉽게하게 도와주는 후륜조향 까지 가성비 최고의 suv쿠페
2026 BMW X6,,"전반적으로 만족하나 쿠페형에서 오는 답답한 시야각 suv치고 시야각이 매우 나쁩니다. 미국생산으로 바뀌며 조립품질 만듬새가 예전 bmw보다 많이 떨어지며. 시내주행 저속주행시 zf미션의 뒤에서 잡아끄는듯한 불쾌감, 그외 디자인, 고속주행 등은 나무랄데없습니다. 특히나 여러소유 차량들중 유독 bmw를 타고나가면 하위차선 도로흐름 맞춰 주행중인대도 난대없이 나타나 똥침을 하는 차량들이 많습니다. 부디 도로에서는 타인피해안주는 안전운전을 하시길 바랍니다."
2026 BMW X5 M,,가나다라마 바사아자 카카구우눝 륜 뉴류뎌조유유나비미닝 츛 어어류러더쥰ㄹ
2026 BMW X5 M,,"동급 출력 차량중에 가성비대비 최고의 퍼포먼스. 약 630마력의 힘이 몸으로 느껴집니다. 단, 연비는 여타 고출력차량처럼 어쩔수 없음."
2026 BMW X5 M,,말이 필요없는 차 달리도 싶은차 아쉬운 연비는 고속주행으로 날려버려~~~
2026 BMW X5 M,,"가성비 최고의 패밀리카^^ 달리기도 최고, 공간활용도 최고, 밟는족족 운전할 맛 납니다"
2026 BMW X5 M,,차에 타고있는 모든 순간이 흥미로운 멋진 차! 연비는 서울도심 기준 3킬로대! 고속도로 정속 순항 하면 10킬로까지 가능!
2026 BMW X5 M,,3인 가족 패밀리카로 사용중인데 만족합니다. 다만 운전자는 만족스럽지만 뒷자리 동승객은 호불호가 갈릴 수 있습니다.
2026 BMW X5 M,,"운전자 재미있다 동승자, 뒤자석 호불호가 있다 에어서스, 리어 조향 없는건 조금 아쉽다. 배기음 부족한 느낌이 든다. 연비 시내주행 5키로, 고속도로 10키로 나온다. 주유소 자주가야한다. ^^ 대체로 만족한다."
2026 BMW X5,,"패밀리카의 정답 SUV의 교과서 에어서스가 있어서 SUV임에도 정숙하고 그렇지만 힘이 넘치는 매력적인 친구입니다 부부 둘이 재밌게 타기에도 좋았고 아기가 태어나니 안전하고 조용한, 그러면서도 힘이 센 정말 완벽한 차에요."
2026 BMW X5,,"생각보다 디자인, 연비, 성능 등 월등합니다. 다음에 구입해도 또 비엠 살듯요"
2026 BMW X5,,동급으로 비교되는 여러 차량을 시승 후 최종적으로 X5를 선택했습니다. 한마디로 동급 최강의 주행성능을 보여줍니다.
2026 BMW X5,,전반적으로 모두 만족하는 차량. 이정도 성능이면 이정도 가격이 이해가 되는 차량임
2026 BMW X5,,"가격이 다소 많이 오른 감이 있지만, 전체적으로 모든 면에서 매우 훌륭한 차입니다. 비슷한 가격 대의 SUV 중에서는 비교 대상이 없는 최고의 차라고 생각합니다."
2026 BMW X5,,차는 정말 좋음 덩치에 비해 시내 주행 연비는 베리 굿 다만 고속 주행시 연비는 아쉬움 가격대비 국내차량에 비해 실내 옵션이 조금 부족함
2026 BMW X5,,가격 대비 매력있는 차량이라고 생긱됨. 가족과함께 즐거운 드라이빙을 할수있어서 좋음.
2026 BMW X5,,"Excellence. 정숙성, 주행질감, 실용성 등 이만하면 좋습니다."
2026 BMW X5,,말해모해! 내외관 디자인부터 주행성능까지 아주 만족입니다. 이 덩치로 이렇게 나간다고? 우와! 우와!
2026 BMW X5,,"더 이상의 차가 없다. 더 이상의 차는 의미가 없다. 주행감, 성능, 플러그인 하이브리드의 효율성, 디자인, 완벽한 기능..가슴 벅찬 차다."
2026 BMW X3,,"주행성능, 연비, 편의사항, 디자인 모두 만족 가성비는 절대 좋다고 보기 어려워요 ㅎㅎ"
2026 BMW X3,,만족 대만족합니다 주행성능이 정말 마음에 들어요-------------------
2026 BMW X3,,연비가 기대보다 좀... 외형은 엠비언트 빼고는 그 전 모델이 더 이쁨
2026 BMW X3,,최신 현대 기아 제네시스까지 전부 타봤지만 그동안 bmw를 타지 않은 시간이 아깝습니다. 차량의 완성도는 뛰어나고 가격을 최대한 높이지 않기 위해 실내 마감재에서 원가절감을 한 부분은 최선은 아니겠지만 자동차의 본질에 대한 품질은 여전히 프리미엄답다고 생각합니다. 실내의 마감 및 옵션 사양이 중요하다면 국산 브랜드를 추천드리고 운행 거리가 많으신 분들은 무조건 추천드립니다. 주행 퀄리티가 차원이 다릅니다.
2026 BMW X3,,정숙성과 기능성에서 앞선차량이라 생각이들고 실내디자인의 미래성을 볼수있는차량인거 같아요
2026 BMW X3,,딱한마디로 끝낸다~ 펀 드라이빙 할 만하다~ 단~~ 150km 이상 속도는 하지마라~
2026 BMW X3,,"약 6개월, 1만키로 운행결과 대체적으로 아주 만족스럽습니다. SUV는 처음이라 적응적인 부문을 제외하면 주행에 있어서는 완벽에 가깝지만 일부 편의사항과 내부 소재에 대한 아쉬움은 아주 조금 있습니다."
2026 BMW X3,,좋네요 추천할만합니다 앞으로 나올차들도 기대가 됩니다 능력만 된다면 더좋은거 사고싶내요
2026 BMW X3,,연비 좋고 자동주차 티맵등 모든 부분에서 활용성 좋읍니다 X5 S Class Audi owner 였지만 신형 X3 아주 강추입니다
2026 BMW X3,,저속 단거리 운전만 하면 생각보다 연비가 더 안나와서 좀 애매합니다. 그치만 장거리 고속 운행을 하면 연비 주행 다 좋아집니다.
2026 BMW X2,,밟으면 잘 나가고 잘 멈추고 연비도 적당하고 소음도 별로 없고 나름 괜찮은 것 같아요.
2026 BMW X2,,주행성능은 전반적으로 좋습니다~ 고속도로연비도 꽤잘나오는 편이구요~ 차크기는 작은편이긴하지만 2세대오면서 많이커져서 실내도 X4랑 비슷??하다고 하시는분들고있더라구요~(전X4 안타봐서 잘모르겠십니다) 디자인은 정말최곱니다!! 다들 볼때마다 엄청 이쁘다고 말해주십니다!! 가격은 뭐 그돈씨 나오지만 디자인하나보고 산거라 너무 만족합니다!!
2026 BMW M5 투어링,,클린봇이 부적절한 표현을 감지한 댓글입니다.
2026 BMW M5 투어링,,그럭저럭 좋은차 같습니당. 솔직히 무거운거 크게 느끼지는 못해요 ㅋㅋㅋ
2026 BMW M5 투어링,,"가속력, 승차감, 연비, 거주성, 정숙성, 오디오까지 다 잡은 완벽한 올라운더!! 가격도 이 정도 성능이면 완전 가성비! 👍"
2026 BMW M5 투어링,,역시 드림카 답네요 시내에선 조용하고 부드러운 전기차로 시외에선 넘사벽 마력과 토크의 스포츠카로 다양한 주행이 가능한 만능차 입니다
2026 BMW M5 투어링,,PHEV가 되면서 정말 최고의 데일리 스포츠 슈퍼세단이네요. 무게 생각마시고 타보시면 매우 만족할거에요.
2026 BMW 8시리즈 그란쿠페,,가성비 최고의 자동차! 연비 빼고 모든면에서 만족하게 만드는 최고의 자동차!
2026 BMW 8시리즈 그란쿠페,,"이 가격대 대체 불가 최고의 차입니다 :) 이렇게 편한 승차감과 고급스러움을 가졌지만 스포츠카급의 성능에, 이렇게 크고 긴 차체를 가졌으면서도 마치 3시리즈와 같이 편한 거동성을 가졌고, BMW 본연의 디자인과 최고급 소재와 스피커의 실내 마감, ID8 사용했을 때의 불편함을 잊게해주는 편리한 물리버튼들까지. 무엇보다도 땅에 네 발이 착 달라붙어 코너 탈출하는 안정감이 예술입니다ㅎㅎ 연비는 다른 8기통들도 그렇다는 점과 연비 생각하고 타는 차 아닌 점을 감안하더라도 시내에서는 과할 정도로 안나오구요(3~4대), 고속에서는 생각보다 잘나옵니다(9~12대). 따라서 3.5점 주었구요, 쿠페형 디자인이라 뒤로 빠지는 디자인과 2열 가운데 조작 인터페이스로 인해 2열 헤드룸 부족과 실제로는 4인승인 점을 고려하여 거주성 4.5점, 그외는 풀 5점 드립니다~"
2026 BMW 8시리즈 그란쿠페,,돈 있으면 왜 안삼 마지막 순수 8기통 빨리 사세요 강추 강추강추강추강추강추
2026 BMW 8시리즈 그란쿠페,,이 직전 차가 w213 e300 이었음. 연비는 4400cc 임에도 훌륭한편. 고속도로 클루징 구간에선 12이상 나오고 시내 막힌 도로 5.x 적당히 신호걸리는 안막히는 시내 구간 8.x정도. 에코프로모드 연비좋음. 묵직한것이 승차감 좋음. 앞범퍼 긁는다고 말이 많아서 방지턱 살살 넘으니 괜찮음. 외관 매우 마음에 듬. 오디오 다이아몬드 B&W최상 !! 가속력을 느낄 즈음엔 이미 고속으로 달리고 있어 가속감 느낄 시간이 너무 짧음. 고급차 몰면서 칼질은 금물!! 악셀 5-10% 정도만 밟아도 시내주행에 문제 없음. 근데 트렁크 공간 작고 실내 수납장 적음. 이게 제일 큰 단점임. 잔고장은 어떨지 차후 올리겠음. 이 차는 내 마지막 내연기관이라 생각하고 소장각으로 구입했음. 요즘 차들 잔고장많다는데 과연 어떨지…. n63tu3 이 엔진은 10년 이상에 걸쳐 3번에 걸쳐 오류 다 개선한 엔진인데 초창기오리지날 n63엔진의 저질 내구성으로 실제보다 저평가 된 엔진이라함
2026 BMW 8시리즈 그란쿠페,,연비빼고 다 맘에듭니다 최고예요 뭘 얼마나 적어야하냐 몇자이상 적으라고 해야지 40자 이상 적으시요
2026 BMW 8시리즈 그란쿠페,,1억초반대에 8기통 차를 갖는다는 것은 대단한 행운이다. 아울러 승차감까지 좋은이차에 대단히 만족한다.
2026 BMW 8시리즈 그란쿠페,,전반적으로 디자인 성능 대비 가격이 저렴? 하다고 할수있고 배기음도 그냥 만족할만하네요.
2026 BMW 8시리즈 그란쿠페,,외관 디자인은 끝내줌 실내는 구형틱함 퍼포먼스 장난 아니고 이거리서 이걸 선다고? 할정도로 브레이크 성능좋음 배기음도 만족스러움 다만 연비는 포기해야함 스포츠 플러스기준 100km정도 쏘고다니면 7정도나오고 시속100키노로 다니면 10까지나옴 고속주행은 보통 8~9정도 나오고 시내는 그냥 답이없음 3~4 생각해야함
2026 BMW 8시리즈 그란쿠페,,차량 이쁘고 정말 좋습니다 디젤 말고 휘발유갈걸 하고 조금은 후회 됩니다
2026 BMW 8시리즈 그란쿠페,,8기통 중에 가성비는 850이 최고입니다. 경쟁차종 중에 대적할만한차가 없죠
2025 테슬라 모델 3,,"첫 전기차로는 손색없습니다. 다만, 하루 빨리 fsd를 사용할 수 있기를 바랄 뿐입니다."
2025 테슬라 모델 3,,"전체적으로 만족합니다. 안정감 있는 주행, 전혀 좁지 않은 거주성, 그리고 좋은 전비가 만족감을 주네요. 패밀리카로도 큰 손색이 없습니다. SUV를 타다와서 그런지 트렁크가 좀 좁다는 느낌이 드는것만 빼면."
2025 테슬라 모델 3,,달리는 전자레인지 꾸준한 업뎃은 너무 좋음 뒷자리는 지옥 누구 태우기 미안함
2025 테슬라 모델 3,,굿잡 씨브반읍ㅁ라ㅏㄹㅇ하라라하랗ㅇ날흐ㅠㅍ츠ㅠㅊ프ㅠㅇ랑라ㅠㅡㅇㄹ흐ㅠㅇ르ㅠㅏ으류
2025 테슬라 모델 3,,다좋은데 시트가조금 불편함…나머지는 개쩔음 ㅇㅇㅇㅇㅇㅇㅇㅇㅇㅇㅇㅇㅇㅇㅇㅇ
2025 테슬라 모델 3,,풀충전시 450킬로 가능거리나와주네요. RWD라도 제로백 6.1초로 시원하게 달려주고 하이랜드부터 승차감 개선되었고 전기차만의 조용함까지 더해서 훌륭합니다. 2열공간도 생각보다 넓어요 레그룸은 충분한편..단 3명보다는 2명앉는걸 추천
2025 테슬라 모델 3,,주행거리도 좋고 가격대비 성능도 너무 좋습니다. 승차감도 많이 개선되어서 예전과는 확실히 다릅니다.
2025 테슬라 모델 3,,"내가 여태껏 타본 차중에 제일이네요. 너무 늦게 입문한걸 후회할뿐입니다. 전기차의매력, 테슬라의 매력, 모델3의 매력"
2025 테슬라 모델 3,,"이제 다시는 내연기관 차를 돈주고 사지않겠음!!!! 이전차가 익스플로러, 제타였는데 품질은 뭐...거기서 거기인거같음. 모델 X가 이제 슬슬 눈에 들어옵니다....."
2025 테슬라 모델 3,,예쁜 디자인 좀 딱딱한 카트느낌이 나서 호불호가 있겠으나 전 매우 재미나게 타고 다닙니다~
2026 푸조 3008,,"3008은 이제 출고받았지만 전에도 e-2008을 운행해본적 있어서, 푸조가 워낙에 주행이 쫀쫀한건 독보적이지 않나싶습니다. 디자인만 봐도 가성비를 넘었다고 보이네요. 거주성은 쿠페형 차량임을 보면 상대적으로는 좋은 편이라고 봅니다. 시트가 너무 좋구요, 몸을 잡아주는 맛이 나중에 장거리에 도움이 될거로 보입니다. 푸조는 콕핏 디자인이라, 넓어 보이는 느낌은 아니지만 허당이 없고 운전자를 안아주는 느낌이라 좋네요. 뒷자리도 서스가 토션빔이라지만 멀티링크 스포티지보다는 확연하게 더 좋습니다. 연비는 아직은 잘모르겠어서 후기 평가에서는 제외합니다."
2026 푸조 3008,,1.2마력이지만 달리는 스타일 아니어서 문제 없음. 정비는 아직 안 받아봐서 모르겠음.
2026 푸조 3008,,디자인은 정말 좋습니다 보기에는 차가 커보이는데 실제 공간은 소형suv급입니다 마일드 하이브리드라 연비 기대했는데 실연비보단 낮게 나와요 1.2리터인데도 모터의 도움인지 답답한 느낌은 없으나 막 잘 달리는 차는 아니에요 회생제동이 꽤나 스무스하게 들어와서 완전 정차시에만 브레이크를 쓰는 원페달링이 가능합니다
2026 폭스바겐 골프 GTI,,콤포트 모드가 있는 스포츠카... 그러면서 또 스포티하게 달릴 수 있는 패밀리카....?
2026 폭스바겐 골프 GTI,,즐거운 세컨카로 손색이 없어요 8.5세대가 마지막인게 아쉬울 뿐입니다. 평생 소장할꺼에요
2026 폭스바겐 골프 GTI,,"작지만 파워풀 합니다. 그런데 카메라, 디스플레이는 좀 개선이 필요 할것 같습니다"
2026 폭스바겐 골프 GTI,,150프로 만족하면서 타고있습니다. 생각보다 잡소리가 없고 주행성능은 그냥 너무 압도적으로 좋습니다 연비 시내 7~9 고속 15~16 나오네요 에코로 편하게 달리다가 스포츠 모드로 바꾸는순간 이차만큼 바뀌는 차는 없을겁니다.. 재밌어요
2026 폭스바겐 골프 GTI,,코너링머신 장거리정속주행시 놀라운 연비 노면 좋은곳에선 아주 좋은 승차감이나 그립감이지만 노면이 나쁘면 차가 부서질까 두려움
2026 폭스바겐 골프 GTI,,대체로 만족 1열 승하차시 시트가 다리에 걸그적거림 순정네비구림. 안드로이드오토 가끔 오류
2026 폭스바겐 골프 GTI,,dct라 좋은데 경사로 밀리고 가끔 울컥거림. tdi 기본네비 막아둬서 반쪽짜리 hud. 그치만 이쁘긴 해
2026 폭스바겐 골프 GTI,,8.5 킹스레드 지난달 뽑았는데 와이프가 만족해합니다 옵션도 빠지는것 없이 훌륭하고 일단 차가 예쁩니다
2026 폭스바겐 골프 GTI,,"8세대 GTI 이제 1만 km 탔습니다! 장점 출퇴근할 때 운전이 재밌어서 빨리 운전하고 싶습니다. 정말 신나고 재밌게 운전할 수 있습니다. 공도에 동일 차량이 많이 없습니다. 동급 수입차 대비 옵션이 좋습니다(크루즈, 통풍, 엉따, 핸들 열선 등) 연비도 도심~고속 7~16 사이로 만족합니다.(연비보고 사는 차는 아닌듯합니다ㅎㅎ) 단점 잡소리 소프트웨어가 느림(국산차 대비 정말 답답합니다.) 메인 공조 버튼 밤에 안 보임 비상등 누르다가 다른 버튼 누르는 경우가 다수 생김 국산차 대비 수리비가 비싸고(당연하지만) 센터 예약하기 힙듭니다. 결과적으로 직접 운전하는 제가 너무 만족해서 항상 즐겁게 타고 있습니다. 아반떼 N과 고민하다가 gti 선택했고 물론 아반떼도 궁금하지만, 아N의 이미지 때문에... GTI 선택하길 잘한듯 합니다."
2026 폭스바겐 골프 GTI,,"[8.5세대 TDI 신차 구매] - 디젤 차량이라는 것을 모를 정도로 차량 내부는 정숙하고 승차감은 부드러움 - 미친 연비 시내 평균 15는 기본이고 고속도로에서 연비주행하면 23~4는 우습게 찍힘 - 외부 디자인 미쳤음, 클래식의 현대적 해석을 곁들인...독일차 답게 유행타지 않으면서 골프 특유의 아이덴티티를 잘 살림. 주변 사람들도 이쁘다고 난리임. - 내부 디자인 : 인포 화면이 커져서 최신 차량 다움. 과거 투박한 독일차의 이미지를 많이 벗어남 - 최대 장점 : 가성비 포르쉐 답게 운전 하는 맛이 기가 막힘. 굳이 GTI 까지 가지 않더라도 TDI로도 운전 재미를 충분히 느낄 수 있음. - 아쉬운 점 : 통풍 시트, 헤드업 디스플레이 (내장 내비가 없어 무용 지물), 조수석 시트 조절 수동, 트렁크 수동 총 평 : 진짜 세계 3대 명차 포르쉐 911, BMW 5시리즈, 폭스바겐 골프가 과장된 말이 아닌걸 느낌."
2026 폭스바겐 골프,,콤포트 모드가 있는 스포츠카... 그러면서 또 스포티하게 달릴 수 있는 패밀리카....?
2026 폭스바겐 골프,,즐거운 세컨카로 손색이 없어요 8.5세대가 마지막인게 아쉬울 뿐입니다. 평생 소장할꺼에요
2026 폭스바겐 골프,,"작지만 파워풀 합니다. 그런데 카메라, 디스플레이는 좀 개선이 필요 할것 같습니다"
2026 폭스바겐 골프,,150프로 만족하면서 타고있습니다. 생각보다 잡소리가 없고 주행성능은 그냥 너무 압도적으로 좋습니다 연비 시내 7~9 고속 15~16 나오네요 에코로 편하게 달리다가 스포츠 모드로 바꾸는순간 이차만큼 바뀌는 차는 없을겁니다.. 재밌어요
2026 폭스바겐 골프,,코너링머신 장거리정속주행시 놀라운 연비 노면 좋은곳에선 아주 좋은 승차감이나 그립감이지만 노면이 나쁘면 차가 부서질까 두려움
2026 폭스바겐 골프,,대체로 만족 1열 승하차시 시트가 다리에 걸그적거림 순정네비구림. 안드로이드오토 가끔 오류
2026 폭스바겐 골프,,dct라 좋은데 경사로 밀리고 가끔 울컥거림. tdi 기본네비 막아둬서 반쪽짜리 hud. 그치만 이쁘긴 해
2026 폭스바겐 골프,,8.5 킹스레드 지난달 뽑았는데 와이프가 만족해합니다 옵션도 빠지는것 없이 훌륭하고 일단 차가 예쁩니다
2026 폭스바겐 골프,,"8세대 GTI 이제 1만 km 탔습니다! 장점 출퇴근할 때 운전이 재밌어서 빨리 운전하고 싶습니다. 정말 신나고 재밌게 운전할 수 있습니다. 공도에 동일 차량이 많이 없습니다. 동급 수입차 대비 옵션이 좋습니다(크루즈, 통풍, 엉따, 핸들 열선 등) 연비도 도심~고속 7~16 사이로 만족합니다.(연비보고 사는 차는 아닌듯합니다ㅎㅎ) 단점 잡소리 소프트웨어가 느림(국산차 대비 정말 답답합니다.) 메인 공조 버튼 밤에 안 보임 비상등 누르다가 다른 버튼 누르는 경우가 다수 생김 국산차 대비 수리비가 비싸고(당연하지만) 센터 예약하기 힙듭니다. 결과적으로 직접 운전하는 제가 너무 만족해서 항상 즐겁게 타고 있습니다. 아반떼 N과 고민하다가 gti 선택했고 물론 아반떼도 궁금하지만, 아N의 이미지 때문에... GTI 선택하길 잘한듯 합니다."
2026 폭스바겐 골프,,"[8.5세대 TDI 신차 구매] - 디젤 차량이라는 것을 모를 정도로 차량 내부는 정숙하고 승차감은 부드러움 - 미친 연비 시내 평균 15는 기본이고 고속도로에서 연비주행하면 23~4는 우습게 찍힘 - 외부 디자인 미쳤음, 클래식의 현대적 해석을 곁들인...독일차 답게 유행타지 않으면서 골프 특유의 아이덴티티를 잘 살림. 주변 사람들도 이쁘다고 난리임. - 내부 디자인 : 인포 화면이 커져서 최신 차량 다움. 과거 투박한 독일차의 이미지를 많이 벗어남 - 최대 장점 : 가성비 포르쉐 답게 운전 하는 맛이 기가 막힘. 굳이 GTI 까지 가지 않더라도 TDI로도 운전 재미를 충분히 느낄 수 있음. - 아쉬운 점 : 통풍 시트, 헤드업 디스플레이 (내장 내비가 없어 무용 지물), 조수석 시트 조절 수동, 트렁크 수동 총 평 : 진짜 세계 3대 명차 포르쉐 911, BMW 5시리즈, 폭스바겐 골프가 과장된 말이 아닌걸 느낌."
2026 현대 아이오닉 6 N,,"전기차 특성상 무겁고 휠베이스가 긴 구조적 단점을 상쇄시키는 셋팅과 출력, 고성능 펀카의 영역에서 구현하기 힘든 안락한 승차감과 유지비"
2026 아우디 S e-트론 GT,,디자인 진짜 최고 주행성능 최고 내 차로는 아주 만족함 왕복 300키로까지는 한번 중전으로 가능해서 불편없음
2026 아우디 S e-트론 GT,,엄청난 가속력과 주행성능 멋진 디자인. 좋은 승차감과 좁은 뒷좌석. 힐인없이 살 수 없는 가격
2026 아우디 S e-트론 GT,,전비 가성비 떨어지고 자동주차 기능 별로. 주행.디자인은 굳. 옵션 풀옵.
2026 아우디 S e-트론 GT,,목적에 따라 가성비 차량이 될 수도 있고 그돈씨 차량이 될 수도 있습니다. 4도어 전기 세단이라는 관점에서 바라보면 진짜 왜 사냐 싶고 적당한 출력의 다용도 스포츠 세단이 필요하다면 이거만한 물건이 없습니다.
2026 아우디 S e-트론 GT,,조용하고 고급스러운 느낌이 좋습니다. 차고가 좀 낮아 요철 지날때 조심히 필요합니다 . 힘은 충분하고 충전소 이용이 편하다면 추천 드려요. 여름 전비는 정식 주행시 6--6.5 km/kw 정도고 겨울에는 4.5 km 나옵니다.
2026 아우디 S e-트론 GT,,"디자인, 성능, 주행감, 거주성 뭐 하나 빼놓을 것이 없이 훌륭합니다. 완충시 주행거리는 450km정도는 무난하게 나오는데 500km이상 나오면 더 좋을 것 같습니다"
2026 아우디 S e-트론 GT,,디자인 빼면 1.6억 값어치를 못한다는 생각이듭니다. 500마력에 가까운 차인데도 차체가 무겁다 보니 답력이 다소 부족한 느낌이 들고 생각보다 차체도 많이 낮아 단차 높은 과속방지턱은 넘기 힘듭니다. 에어서스 올려둬도 일정속도 이상 주행하게되면 스스로 다시 낮아지는데 이때 깜빡하고 과속방지턱 넘다가 바닥이 자주 긁히네요.
2026 아우디 S e-트론 GT,,좋아요..아이언맨 차 ㅎㅎㅎㅎㅎ 차가 은근히 커서 주차할때 어렵지만 잘 나가고 멋있어요
2026 아우디 RS e-트론 GT,,슈퍼카를 이런 혜택을 누리며 탈 수 있다는게 행운이죠. 전기차이기에 주행거리로 깔 수 있으나 이런 성능과 안락성을 어떤 차가 제공해 줄 수 있을까? 최고의 차!
2026 아우디 RS e-트론 GT,,"월 3만원 유지비에 4명이 타고, 부모님도 큰 불편없는 데 성능은 슈퍼카. 다만, 주행성능 대비 주행거리는 아쉬움."
2026 아우디 A3 세단,,잘나가고 잘돌고 잘서고 연비 좋고 와이프 차지만 매일 타고 싶은 차입니다
2026 아우디 A3 세단,,시내 연비 최악 그 외 모든것이 장점인 차 일단 제일 중요한 디자인 및 인테리어는 깔게 없다
2026 아우디 A3 세단,,1년가까이 몰면서 정말 만족도 최상입니다 몇대 없는 24년형 이라 기능들이 많아졌다고 하지만 활용은 딱히 안해서 모르겠고 (ex크루즈컨트롤)운전 자체를 즐겨서 특히 고속주행시 묵직하게 도로를 움켜쥐고 안정적이게 170이상까지 죽죽 밀어줍니다 신형 a5를 기다리다가 작년에 실물보고 그자리에서 바로계약했을 정도로 디자인 죽입니다 뒷좌석도 생각보다 넓어서 활용도 좋습 니다(체감상 제네 g70보다 넓음) 국산차 옵션 생각하면 옵션 딸립니다 주변에서(주로 국산차주) 그돈씨 그랜져 소리 듣습니다 운전대 한번 넘겨주면 바로 수긍 합니다
2026 아우디 A3 세단,,"23년형 A3 타다가 페리된 A3프리미엄 구입했는데, 내외관 너무 멋지게 바뀜. 눈에 거의 안띄던 실내 엠비언트 라이트도 내가 원하는 밝기, 색상으로 상/하단부 설정 가능한것도 취저. 계기판, 디컷 핸들, 기어변환 이런게 달라졌고.. 외관은 앞뒤로 좀 더 트랜스포머 마냥 묵직핸섬해짐. 앰블럼이 플랫한 검정색인것도 멋스럽고.. 웰컴 라이트도 뭔가 로봇같아짐. 취향껏 셀렉가능하다니~.. 안드로이드 오토가 유선으로만 작동되는 점, 통풍시트, 핸들열선 같은 옵션이 없는것만 빼면 이 가격대비 주행재미는 원탑인듯. 소형차량으로 190까지 가속할때 바닥에 밀착된듯 묵직하고 안정적이게 나가는 차량이 있을까.. (주변 차량없는 일직선상 자동차전용도로에서 혼자 테스트해봄) 보통 140만 밟아도 핸들 떨림이 심해지는데, 아우디 주행성능은 진짜 빗길, 코너링, 고속주행 때 빛나는 듯. 출퇴근은 컴포트 모드로 두고 다니는데 연비, 승차감도 좋음."
2026 아우디 A3 세단,,A3콰트로 프리미엄 운행중입니다. 감히 말씀드리는데 이 가격대에서 누릴수 있는 최고의 차입니다. 기깔나는 내.외장 디자인 최고의 안전성.훌륭한 연비 그리고 타보지 않고는 절대 알수 없는 주행질감 걍 넘버원 입니다. 시내주행 많으시면 승차감 모드로 주행하세요 차가 조용하니 낭실낭실하고 기분좋은 승차감 누리실수 있습니다. 국도나 고속도로 주행시 다이나믹모드로 주행해보세요 D두번 변속시 S모드로 진입합니다... 가속력 미쳤습니다...입이 귓가에 걸립니다... 고속 주행 안전성 미쳤습니다...이야..소리가 절로 나옵니다...코너링... 캬...소리 나옵니다 핸들이 묵직해지고 차 타이어가 도로에 붙어서 달린다는 느낌이 뭔지 알수가 있습니다...구입한건 1대인데 상황에 따라 주행모드를 바꿔가면서 타니 두 대 번갈아 타는 느낌입니다. 3천초반에서 4천초반 자금으로 3인가족 또는 혼자 출퇴근용 차 고려중이시라면 무조건 아우디 매장 시승 추천드립니다!!
2026 아우디 A3 세단,,프리미엄 1개월 운행하면서 부드럽게 잘나가고 운전이 재밌어졌고 고속 주행 평균연비 19~21 찍고 생각보다 너무 잘 나와서 놀랐습니다. 차 자체로 가성비가 매우 좋다고 생각하기 어렵지만 본인 기준 6각형에 제일 가까웠기에 구매에 대한 후회는 없고 오히려 진짜 잘 샀다 생각하고 있습니다. 킥모션 트렁크도 되는데 닫을 땐 수동이고 저공해 차량 3등급이라 공영주차장도 할인 되서 보너스 받은 기분! 육각형에 가까운 아주 좋은 차!! (최근 키 183 지인이 뒷좌석에 타고 고개 꺾고 1시간 이상 앉아서 가니까 뒷좌석 불편하다 호소함.. 보는 나도 불편하고.. 하지만 뒷좌석에 누군가가 타는 일은 드물어서 괜찮은데 키 큰사람 태울 일이 잦은 분이라면 미련 없이 다른 차 사시길..^^;)
2026 아우디 A3 세단,,"가성비의 제왕, 적극 추천해요~~~~~~~~~~~~~~~~~~~~~~~~~~~~~"
2026 아우디 A3 세단,,전체적으로 좋은 차라 생각됩니다~~ 특히 디자인이 좋습니다~~ 소형차지만 묵직하게 나갑니다~~
2026 아우디 A3 세단,,"최고의 차랑 !!!! 비상 스위치가 너무 먼 것 , 홀딩어시스트 버튼 없는 것 제외하고는 전부 만족"
2026 아우디 A3 세단,,가격은 국산차로 넘어오면 선택지가 너무 많음 그러나 골프와 공유하는 플랫폼으로 인해 뛰어난 주행성능 코너링 질감 풀체인지로 싹 다 갈아엎은 실내 외부 디자인 우수한 연비 전부 괜찮음 허나 옵션은 좀 아쉬움
2026 볼보 XC40,,"출퇴근으로 고속도로포함 거리를 이동할때는 체감연비를 몰랐는데, 마트나 근거리 40이하로 다녀올때는 상당히 좋네요. 타면 탈수록 애정이 생기는 차입니다."
2026 볼보 XC40,,타면서 계속 만족스러웠습니다. 그래서인지 이 차 다음 바꿀 차가 없습니다.
2026 볼보 XC40,,원래 내년 상반기 출시 예정인 es90을 기다리 던 중 기존 차량의 고장으로 인해 갑작스레 차량교체를 하게 되어 구매한 차량. 가족 할인을 받아 1천만원 싸게 사서 반년 정도 타고 판매할 예정이지만. 생각보다 차량 품질이 좋아 판매에 대한 망설임이 생기네요. 엔트리급 모델임에도 연비를 제외한 모든 면에서 상당히 만족스런 차량입니다. 살만한 가치가 있는 차에요.
2026 볼보 XC40,,디자인 예쁘고 승차감 나쁘지 않고 연비 적당하고 다만 고급유 권장이라고 자꾸 말해서 부담스러운건 있음
2026 볼보 XC40,,고속도로 장거리 때문에 튼튼한 차 골랐는데 디자인까지 예뻐서 넘 좋아요! 기능상 계기판 지도가 자주 멈춰있어서 그게 좀ᆢㅎㅎ 소프트웨어 업글 해줘도 그건 안나아지네요 멈춘상태면 과속카메라 소리 안나서 좋긴해요. 소리가ᆢ엄청나서요ㅋ
2026 볼보 XC40,,블랙에디션이라 더 이쁘고 감성터지긴한데 연비가 복합 10 정도 왔다갔다 함.
2026 볼보 XC40,,소프트웨어만 조금 더 좋아진다면 100점짜리차! 주행 많이하는 오너들에게는 고급유 부담스러울 수 있지만 주유비 어마어마하다 까지는 아닌 듯 합니다. 긴 주행시에도 많이 피곤하지 않고 튼튼하다는 느낌이 듭니다. 아주아주 만족하며 잘 타고 있습니다.
2026 볼보 XC40,,실내 공간이 넓고 색상도 모던해서 만족합니다~~준준형suv 치고는 기대이상으로 힘이 있네요~~어제 차량 받고 100km 정도 주행했는데 복합연비 11 .2정도 나왔어요~~아리아가 거의 모든 그능을 알려주어서 편리하게 운행하고 있어요
2026 볼보 XC40,,"군더더기 없고 미니멀하고 심플한 인테리어와 외장이 취향이라면 100점짜리 디자인. 반대로 말하면 화려하고 반짝이는걸 좋아하는 사람들은 별로라고 함(그래서 오히려 좋음) 연비운전 지향하고 급가속, 금갑속 안하는 편이라 그런지 시내연비 10키로, 고속도로연비 17까지도 나옴. 성인 4명 타기에도 충분함. 개인적으로는 덩치 큰 유럽인들도 소형차에 4인가족 거뜬히 다니는데 우리나라 사람들은 뭘 그리 큰 차 좋아하고 차 크기 급 나누면서 계급놀이 하는지 이해가 가지 않음. 안전/편의/주행성능 빠지는거 없고 오히려 안전기능은 너무 보수적이여서 주차할때마다 경보음이 무서울 정도임. 유일한 단점은 에어컨이 냉동고처럼 차갑지는 않고, 초반가속이 느리고, 초반가속이 느려서 엑셀 세게 밟으면 엔진소리가 크게 들어옴(그래서 자연스럽게 엑셀 살살 밟게되고 연비 상승하는 긍정적 효과도 있음). 걍 한마디ㅗㄹ 말하면 저한테 있어서는 최고의 차이고, 주차장에 세워둔 어떤 차 보다도 디자인이 이쁨."
2026 볼보 XC40,,너무만족하며 타고있습니다. 차 생각보다 큰편이구요. 디자인 성능 역시 볼보입니다.
2026 미니 컨버터블 S,,전작보다 편의 기능이 많이 생겨서 아주 좋습니다. 대신 베기음이 많이 줄어서 조금 아쉬워요
2026 미니 컨버터블 S,,뚜껑을 언제든 열수 있다는게 너무 좋고 힘도 좋고 작아서 좋아요. 계속 타고 싶습니다.
2026 미니 컨버터블 S,,일단 고민중이라면 고민하지말고 구입하시길 만족 안할수가없다 디자인 성능 연비 등 이 가격대 누릴수있는건 다 누릴수있음
2026 미니 컨버터블 JCW,,전작보다 편의 기능이 많이 생겨서 아주 좋습니다. 대신 베기음이 많이 줄어서 조금 아쉬워요
2026 미니 컨버터블 JCW,,뚜껑을 언제든 열수 있다는게 너무 좋고 힘도 좋고 작아서 좋아요. 계속 타고 싶습니다.
2026 미니 컨버터블 JCW,,일단 고민중이라면 고민하지말고 구입하시길 만족 안할수가없다 디자인 성능 연비 등 이 가격대 누릴수있는건 다 누릴수있음
2026 메르세데스-벤츠 GLS,,580인데 그전차가 x7 머 주행의 질이 너무 상반되서 애매하지만 가족들과 탄다면 gls가 더 낫다고봄. 승차감 공간성 내부 감성 단 타이어의 폭과 23인치에서 오는 타이어선택 제한과 포트홀 자나갈때의 꿀렁임은 아직도 적응 안됨ㅋ 8기통 4000cc라 연비는 재앙
2026 메르세데스-벤츠 GLS,,"승차감 하차감 좋습니다. 다만 연비는 디젤임에도 별로이고 차량이 커서 주차가 쉽지 않습니다. 내부 가죽의 퀄리티가 생각보다 별로입니다. 인테리어도 이제는 구형 느낌이 나서 아쉽습니다. 예전엔 삼각별이 다 커버해 줬으나 이제는 그런것도 없네요. X7과 비교했을때 편안하게 정속주행시에는 좀 더 안정감을 주지만 커브나 차선변경, 스포츠드라이빙은 X7이 더 좋습니다. 2열승차감은 개인적으론 GLS가 더 좋았습니다. 전면 디자인 후면 디자인은 포스가 느껴지지만 측면에서 본 뒤쪽 D필러와 트렁크 측면의 각도는 봐도봐도 이질적이네요."
2026 메르세데스-벤츠 GLS,,말로표현할수 없는 하차감이랑 클래식한 감성이 좋은거 같아요.연비는 생각보다 잘 나오는 듯
2026 메르세데스-벤츠 GLS,,소음 확실히 적고 전체적인 드라이빙은 좋은데 에어서스펜션의 장점을 명확하게 못 느끼는건 차량 중량때문인지...?
2026 메르세데스-벤츠 GLS,,"주행성, 디자인 매우 만족스럽습니다. 차가 크다보니 거주성이 큰 부담이되긴합니다. 그러다보니 대형주차장에서는 찾기가 쉬운 뜻밖의 장점이 있네요"
2026 메르세데스-벤츠 GLS,,"차량 크기대비 연비, 성능 만족 가격은 쫌 비싼편이라 생각됭 기타 편의성 정숙성 좋음"
2026 메르세데스-벤츠 GLS,,전자센서에 오류가 가끔 뜨는게 있는데 그거 말고는 전체적으로 만족
2026 메르세데스-벤츠 GLS,,이차는 연비는 포기하고 타야해요 시내 연비5 ㅎㅎㅎㅎ 승차감이나 옵션 정말 좋아요
2026 메르세데스-벤츠 GLS,,에어써스 가 주는 승차감 이 뛰어나며 핸들링과 브레이크 성능이 좋아요
2026 메르세데스-벤츠 GLS,,단연 현존하는 최고의 SUV 다른차는 있어도 더좋은차는 없습니다. 비싼가격 오랜기다림을 품질과 완성도로 보상해줍니다.
2026 메르세데스-벤츠 AMG GLC 쿠페,,디자인이나 주행성능은 매우 만족. 초기 시스템의 잦은 에러와 시트의 불편함은 불만족.
2026 메르세데스-벤츠 AMG GLC 쿠페,,디자인의 끝판완 내외관 따라올 차가 없음.. 쿠페형 SUV의 교과서 같은 차량
2026 메르세데스-벤츠 AMG GLC 쿠페,,"외내관은 동급 외제suv대비 이쁨, 주행능력은 보통이지만 승차감은 서브차인 국산 세단보다 못함.. 품질은 진짜…최악임 차량받고 400키로탔을 때부터 센터를 들락날락… 만약 시간을 돌릴 수 있다면 xc60이나 x3를 선택했을 것 같음."
2026 메르세데스-벤츠 AMG GLC 쿠페,,도심에서 짧은 거리를 주행할때는 연비가 기대보다 좋지는 않지만 고속도로 연비는 기대 이상입니다. 실내외 디자인과 거주성은 탁월합니다
2026 메르세데스-벤츠 AMG GLC 쿠페,,"전반적으로 훌륭하고 크게 단점이 없는 차량입니다. 디자인이나 실내 고급짐은 경쟁차종들이 비할 수 없구요 다만 벤츠 특유의 저단 변속 충격, 약간의 터보렉, 경쟁차종 대비 높은 가격은 살짝 아쉽네요 10점 만점에 9점 드립니다."
2026 메르세데스-벤츠 AMG GLC 쿠페,,"가성비가 좋지 않은 것과 저속에서의 편안함이 아쉬움 하지만, 벤츠를 가성비로 사는 사람이 있나싶고 SUV인데 저속 편안함까지 바라려면 에어서스 들어간 차량을 타야하지않나 싶음. 즉, 이 정도면 우주명차는 아니어도 훌륭하다."
2026 메르세데스-벤츠 AMG GLC 쿠페,,어린아이 둘을 둔 아빠로서 첫 구매한 suv차량입니다. 우선 대형차량에 비해 주차가 편리해서 어딜가든 부담이 적네요. 높이도 적당합니다. 승차감의 경우 비슷한 레벨의 세단과 비교해서 이질감을 느끼지 않아 세단타던 저도 별도의 적응없이 운행합니다. 가장 큰 장점은 디자인이라고 생각듭니다. 아담한 크기에 곡선의 미가 대중적으로 어필하기에 충분하다고 봅니다. 2열 거주성과 트렁크는 살짝 부족하다고도 느끼지만 어린자녀들이 타기에는 오히려 아늑한 것 같아 만족입니다. 국내도심에서 타기에 손색이 없는 suv같네요.
2026 메르세데스-벤츠 AMG GLC 쿠페,,"내부 고급스럽습니다 디자인 만족스럽습니다 2열 공간감 넓고 개방감 좋습니다 마하엔진으로 부드럽고 조용하고 정숙성 좋습니다 높은 방지턱이나 요철 넘을때 롤링이 심합니다 뒷자리 편의사양 부족은 아쉽네요 (충전단자, 공조 조절장치, 썬방저, 리클라이닝 부재)"
2026 메르세데스-벤츠 AMG GLC 쿠페,,4기통으로 다운되었지만 대신 출력을 421마력으로 올렸고 배기음도 좀더 우런찬거같습니다. 저속에선 4기통 특유의 소리가 들리지만 고속에선 6기통 못지않는 배기 그리고 쥐어짜는 맛이 너무 좋습니다 ㅋㅋ 디자인 너무 좋고 내부도 고급스럽습니다! 다만 도심연비가 개똥입니다..
2026 메르세데스-벤츠 AMG GLC 쿠페,,"연비 제외하고(서울 시내 주행 6-77, 시외/고속도로 12-14) 모든 부분에서 만족."
2026 마세라티 그레칼레,,"패밀리카로 적당한 편안한 주행감, 달리고 싶을땐 또 드라이빙 감성 하나는 좋은 차. 차를 구성하는 소재가 전부 최고급 마감재라 거주 만족감이 매우 높음. 체감 연비는 공인연비랑 대충 맞는 수준."
2026 마세라티 그레칼레,,제 드림카였던 마세라티!! 아무리 갬성으로 타는차라지만 솔직히 너무 수동이라 늘 주저햇엇는데 그레칼레 나오고 바로 바꿨습니당 정말 대만족이요👍🏼
2026 마세라티 그레칼레,,두대째 마세라티 구매 .. 성능도 성능이지만 이 차는 감성으로 타는차 동급 독3사에선 느낄수 없는 이태리 갬성 ..
2026 마세라티 그레칼레,,상당히 저평가된 차. 그돈씨 생각할거면 처음부터 접근하면 안되는 차고 나만의 감성이 중요하다면 충분히 만족할수 있는 차. 사진빨 정말 최악. 실물파
2026 렉서스 LM 하이브리드,,디자인이 압도적이고 트렁크 공간부족 기름탱크 용량이 작음
2026 렉서스 LM 하이브리드,,럭셔리 공간감 승차감 연비 끝판왕…넘사벽 패미리카. 4륜구동에 하이브리드. 모든 현존옵션 포함. 덤벼봐0
2026 제네시스 GV70,,국산차 중형 SUV 탑 1 디자인 최고 단점은 연비 하지만 모든게 완벽할수 없기에 최고의 대체제
2026 제네시스 GV70,,디자인 좋고 출력 좋음. 연비 나쁘고 승차감도 세단에 비교할 수는 없음. 풀옵이라 자잘한 기능들이 아주 많음. 그래도 뭔가 힘있으면서도 부드럽고 안정적이라는 느낌은 그렇게 강하지 않음.. SUV의 한계인듯.
2026 제네시스 GV70,,연비는 아쉬움. 후면 스포일러 아랫부분은 주행후 먼지가 많이 쌓여 공기 흐름 개선 필요.
2026 제네시스 GV70,,연비가 사악입니다 뭘 더 써야하죠? ㅁㄹ켯캿ㅋㅎ컇ㅋ샨샨샼랸샴갼새캏ㅋㄹ캴ㅋ후
2026 제네시스 GV70,,고급스러우면서 세련되며 주행시 안정감이 좋습니다. 연비가 조금 안타갑습니다.
2026 제네시스 GV70,,연비빼고 아쉬운게없는 차입니다 ! 디자인이 너무 예뻐서 탈때마다 힐링되요
2026 제네시스 GV70,,"두달 탔는데 연비빼고는 대체로 만족합니다 디자인, 주행감 모두 좋고 핸들링도 좋네요 연비는 시내주행이 위주다보니두달평균 7.8정도네요 후석승차감도 괜찮고 편의기능도 좋네요"
2026 제네시스 GV70,,운전하기 편하고 편의사항이 만족스럽다 연비가 조금만 더 좋으면 최고일꺼같은데
2026 제네시스 GV70,,"체감성능 인테리어 디자인 모든것들이 만족스럽고 너무크지도 작지도 않아 운전하기가 괜찮음. 다만, 극악스러운 연비효율은 구매시 고민해야할 부분(출퇴근 시내주행시 정말 6~8 나옴). 할인이 전혀없는 부분도 아쉬움."
2026 제네시스 GV70,,디자인은 괜찮고 가격은 비싸고 연비도 별루네요. ㅡㅡㅡㅡㅡㅡㅡㅡㅡㅡㅡㅡㅡㅡㅡㅡ
2026 BMW iX1,,주행거리가 좀 짧아서 아쉽지만 전체적으러 만족스럽습니다 가격은 할인 많이받아사세요 ㅎㅎ
2026 BMW iX1,,전체적으로 다 좋습니다 전기차배터리 용량이 작아 풀충전시 주행거리가 다른차대비 좀 짧지만 장거리만 안타면 상관없습니다
2026 BMW iX1,,대박 가성비짱 너무좋은차 배터리도 삼성이고 성능마다 차이있지만 .
2026 BMW iX1,,"주행거리는 다소 아쉽지만 차량크기, 주행성능은 아주 만족스럽습니다. 주행거리만 더 길어진다면 완벽할 것 같네요."
2026 BMW iX1,,품질도 우수하고 주행성능도 좋습니다. 단지 주행가능거리가 아쉬움이지만 일상주행엔 부족함이 없습니다.
2026 BMW iX1,,충전속도와 주행거리가 약간 부족하지만 충분히 장거리 주행이 가능하고 매일 150키로이상을 웈행해도 불편함없이 잘 타고 있어요
2026 BMW iX1,,"할인 많이 받고 구매 하니 국산차 EV3 풀옵 이나 EV6 보다 훨씬 저렴하게 구매 가능하고 4륜 풀옵션 이기 때문에 주행 하기는 정말 편리하고 편안합니다 그리고 장점 몇가지를 더 말씀 드리자면 눈길 주행은 역시 전기차가 GOAT 인듯합니다 실내 외부 디자인이 정말 이쁩니다 뒷모습이 정말 마음에 드는부분이고 출력도 304마력으로 빨라서 제로백 5.2초 정도 되고 다른 타사 벤츠 EQB,A , 아우디 Q4 보다는 훨씬 잘나가는 느낌을 주고 있습니다 그리고 전기료 도 지원해주니 1년동안은 무리없이 잘 탈수 있는장점도 있습니다 아쉬운 점은 전기차 이기 때문에 회생제동시 엔진브레이크 처럼 약간 뒤에서 잡는듯한 느낌때문에 허리에 무리가 조금 있습니다 하지만 25년도 차량 부터는 요추받침 도 기본 포함 이기 때문에 상관없을것 같다고 느끼고 또 한가지는 수납공간이 약간 부족하지만 트렁크 공간은 전기차 에 비해 비교적 크기 때문에 크게 문제는 되지 않고 있습니다"
2026 BMW iX1,,최고의 엔트리모델! 매우 귿한 디자인! 매우 심플한 센터페시아! 미니멀리즘에 부합하는 간소함 그 잡채!
2026 BMW iX1,,트렁크는 다소 작지만 실내거주공간은 충분해요. 듀얼모터 제로백 5초대라 나가기는 정말 시원시원하게 잘 나가고 디자인은 동급류 전기차 중에서는 제일 낫다 봅니다
2026 BMW iX1,,"장점: 이쁘고 가속감좋고 편한운전 동급 차량대비 풍부한 옵션 ,저렴한유지비 단점:주행거리,수납공간, 고속운행시 살짝 안전성? 첫 전기차인데 전체적으로 너무 맘에 듭니다 다음차도 전기차 구매해야징"
2026 BMW i7,,모든 부분들 아주 만족 스럽네요. 내연기관 차량으로 못 넘어갈거 같아요
2026 BMW i7,,가솔린 디젤 플랫폼을 공유하다보니 실내 콘솔이나 트렁크공간이 좁긴하지만 승차감이 정숙성 하차감 머하나 빠지는거 없이 최고입니다. 차가 길어서 주차가 조금 어렵기도해요 익숙해지면 괜찮아질듯. 아무튼 최고의 차임에는 분명합니다^^
2026 BMW i7,,"전반적으로 퀄리티가 높습니다. S580에서 넘어왔는데, 적응 기간 좀 지나고 나니 상당히 만족스럽습니다."
2026 BMW i7,,울트라비니군 영상보고 가솔린 엔진을 사려다 전기차를 구매했습니다 후륜이어서 망설여진게 사실이지만 전기차는 무거워 눈길에 크게 미끌거리지 않겠다는 판단이 들어 구매했고 경험해보지 못한 드라이빙이었습니다 매운 만족합니다
2026 BMW i7,,주행성능 - 2.5톤이라는 무게가 무색 할 정도로 미끄러지듯 너무 잘 나가고 운전이 편안합니다. 코너도 너무 안정적이고 프론트 리어 모두 에어서스펜션인데 너무 딱딱하지 않아서 승차감도 좋습니다. 브레이크는 전자식이라서 그런지 모르겠지만 끝부분에서 살짝 답력이 없어지면서 충격없이 정차하는게 어렵지만 이건 뭐 적응되니 컨트롤 가능합니다. 10점 가격 - 많이 비싼편이지만 이번 7시리즈부터는 롤스로이스 프레임의 차대를 이 가격에 구매 할 수 있다는 사실만해도 개이득이 아닌가 싶습니다. 10점 거주성 - 시트가 생각보다 많이 부드럽습니다. 부드럽지만 단단해서 처음 앉으면 편안함이 느껴지고 오래 않아있어도 피로가 잘 쌓이지 않는느낌입니다. 실제로 예전엔 장거리 운전하면 엉덩이가 아파서 휴게소에 들리곤했는데 이젠 충전해야해서 들리네요. 뒷자리가 더 좋다는데.. 뒷자리는 못앉아볼듯... ㅠㅠ 10점 품질 - 10점 디자인 - 호불호갈리는 디자인이라.. 저는 100점 체감연비 - 10점
2026 BMW i7,,차량 디자인 만족 성능 만족 주행 가능거리 만족 가격 만족 차량 압도적인 크기 만족 세컨으로 타기에 좋네요
2026 BMW i7,,첫 전기차여서 약간의 걱정과 우려가 있었는데 막사 받고 운행해보니 매우 힘이 좋고 부드럽고 편안합니다. 아주 만족중임!
2026 BMW i7,,젊어진 디자인과 고속에서의 안전성이 최고인 차량…보유하고 있는 다른 차량은 강제 냉동중
2026 BMW i7,,품질도 좋고 주행 감각도 뛰어납니다. 내연기관 차만 타다가 처음 타는거라 살짝 걱정도 했는데 기우였네요. 공인연비를 무시하는 주행거리를 보여줍니다. 현재 전비는 5.2 정도 나오네요. 하루 80킬로 정도 출퇴근에 주행하는데 충전도 1주일에 한번 정도만 해도 되니 편리합니다. 이전에 타던 760이 별로 생각이 안나네요
2026 BMW i7,,승차감은 580보다 좋고 쓰인 소재도 고급스럽고 전체적으로 만족스럽습니다.
2026 BMW i5 M60,,전기차 선택하는것을 많이 망설였었는데 정말 대만족입니다. 오래타고 싶어요.
2026 BMW i5 M60,,"주행성능, 안전편의사항 뭐하나 빠지는게 없네요 출력도 이만하면 충분하고 전비도 잘 나오고 승차감 좋아요!!"
2026 BMW i5 M60,,날 좋은날 애태우고 천천히 안답답하게 타면 600키로 탑니다ㅋㄲㅋㅋㅋ 최고입니다
2026 BMW i5 M60,,"저에겐 전기차 승용중 최고입니다. 먼저 비엠더블유 브랜드 가치와 함께 차량 성능과 디자인 모두 마음에 들고 원격지원, 실내디자인, 모니터 반응속도와 반자율주행 등 모든면에서 마음에 들어요"
2026 BMW i5 M60,,i7 다음으로 세단중에서는 최고의 전기차 승차감. 출력. 정숙성 모두 만족
2026 BMW i5 M60,,"할인 받으면 비용 대비 성능,품질,안정성은 이보다 괜찮은 대안이 있을까 싶고요. 전장이슈가 좀 있다던데 저는 아직 딱히 없었습니다. 2열 좌석 헤드레스트가 쪼끔 꺾여있어서 적응이 필요합니다(저는 반대로 뒤집어놨어요). 일상 주행에서는 모든 면에서 차고 넘칩니다..ㅎ"
2026 BMW i5 M60,,할인이 좋을때 구매하면 전기차중 거의 탑 급 테슬라 갈라했는데 불편한 모니터와 i5에 비하면 턱없이 부족한 승차감 / 코나 디자인이 넘 짜침 다만 주행거리가 좀 아쉽다...100kw 배터리면 얼마나 좋을고
2026 BMW i5 M60,,"승차감은 너무 좋습니다. 다만, 뒷자리가 조금 더 편안해지고~ 각종 편의사항이 더더더더 추가되어야 한다고 생각합니다~, 주행거리는 풀충전 하면 540km까지 나오지만 전비는 그냥 평균 수준인듯 합니다~"
2026 BMW i5 M60,,전체적으로 잘만든 자동차입니다 가격이 조금쎄긴하지만 너무만족스럽게 잘타고있어요
2026 BMW i5 M60,,5시리즈에 이돈을 태워? 하시는 분도 계시겠으나 한번 타보면 급 수긍을 하게 됩니다. 리틀 7시리즈라고해도 과장이 아님을 알수 있고요. 가속력이나 파워도 이정도면 사실 실생활 주행에서는 과할 정도입니다.
2026 BMW i5,,전기차 선택하는것을 많이 망설였었는데 정말 대만족입니다. 오래타고 싶어요.
2026 BMW i5,,"주행성능, 안전편의사항 뭐하나 빠지는게 없네요 출력도 이만하면 충분하고 전비도 잘 나오고 승차감 좋아요!!"
2026 BMW i5,,날 좋은날 애태우고 천천히 안답답하게 타면 600키로 탑니다ㅋㄲㅋㅋㅋ 최고입니다
2026 BMW i5,,"저에겐 전기차 승용중 최고입니다. 먼저 비엠더블유 브랜드 가치와 함께 차량 성능과 디자인 모두 마음에 들고 원격지원, 실내디자인, 모니터 반응속도와 반자율주행 등 모든면에서 마음에 들어요"
2026 BMW i5,,i7 다음으로 세단중에서는 최고의 전기차 승차감. 출력. 정숙성 모두 만족
2026 BMW i5,,"할인 받으면 비용 대비 성능,품질,안정성은 이보다 괜찮은 대안이 있을까 싶고요. 전장이슈가 좀 있다던데 저는 아직 딱히 없었습니다. 2열 좌석 헤드레스트가 쪼끔 꺾여있어서 적응이 필요합니다(저는 반대로 뒤집어놨어요). 일상 주행에서는 모든 면에서 차고 넘칩니다..ㅎ"
2026 BMW i5,,할인이 좋을때 구매하면 전기차중 거의 탑 급 테슬라 갈라했는데 불편한 모니터와 i5에 비하면 턱없이 부족한 승차감 / 코나 디자인이 넘 짜침 다만 주행거리가 좀 아쉽다...100kw 배터리면 얼마나 좋을고
2026 BMW i5,,"승차감은 너무 좋습니다. 다만, 뒷자리가 조금 더 편안해지고~ 각종 편의사항이 더더더더 추가되어야 한다고 생각합니다~, 주행거리는 풀충전 하면 540km까지 나오지만 전비는 그냥 평균 수준인듯 합니다~"
2026 BMW i5,,전체적으로 잘만든 자동차입니다 가격이 조금쎄긴하지만 너무만족스럽게 잘타고있어요
2026 BMW i5,,5시리즈에 이돈을 태워? 하시는 분도 계시겠으나 한번 타보면 급 수긍을 하게 됩니다. 리틀 7시리즈라고해도 과장이 아님을 알수 있고요. 가속력이나 파워도 이정도면 사실 실생활 주행에서는 과할 정도입니다.
2026 BMW X1,,올블랙 너무 이쁨..최고라고 생각함 가성비도 👍 내부도 꽤 넓고 소리도 갓벽
2026 BMW X1,,"주행성능이 뛰어나고 펀드라이빙 가능합니다 차 디자인도 너무 잘뽑혔구요 M팩키지로 구매해야 전용서스,디자인으로 만족하십니다. 연비도 2.0가솔린은 시내 9~10km 고속 16~18km 까지 나옵니다 저공해 차량으로 주차비 50%감면 하만카돈 사운드 정말좋습니다 혼자 펀드라이빙하면서 재밌게 탈수있는차량십니다. 다만 가격이 너무비쌉니다 ㅠㅠ"
2026 BMW X1,,저속 주행시..엔진소리가 너무 크다.엔진 힘이 딸리는지...엔진룸 소음이 kgm차 못 따라가는거 같다.
2026 BMW X1,,주행성능은 괜찬은 편이나 노면 소음이 심하고 차량 가격은 너무 사학합니다 5천이 넘는 차치고는 매번 시동 걸때마다 다시 입력해야하는 불편함 통풍 시트도 없고 2열 열선도 없고 2열도 비좁아서 페밀리카 용도는 아님니다 품질은 국산차 비교해서는 별차이 없는거 같고 오히려 국산차가 품질이 더 좋은거 같음 디자인에 반해서 구입했지만 영업사원의 사기로 욥션 빠진 차를 구입해서 지금도 속끄리고 있슴당 연비는 4륜이라그런지 시내 주행시 그리 좋지는 않구요 고속에서는 그나마 조금 괜찬게 나오는 것 같으나 트립 컴퓨터 다음 날 주유 게이지 학인하면 조금 차이나는 현상이 나타나고 있어요 그리고 모든 신차 구입하실때 시내 주행 한번씩 해보고 결정하시고 계약서 싸인.차 인수하기 전까지는 절때 싸인 먼저하시면 후회하시 겁니다 내가 원하는 옵션이 다 장착되었는지 빠진 옵션이 있는지 학인하시고 구입하세요 양아치 딜러 만나면 반품도 않되고 오히려 딜러가 나한테 증거를 가져오라고 협박합니 다
2026 BMW X1,,"잘 나가고 잘 섭니다. 펀카와 패밀리카 둘 다 발 한짝씩 담근 차에요. 멋스러운 외관디자인과 차세대 bmw실내, 인포시스템을 가지고있어 지속가능성있는 가치를 가지고 있습니다. 다만 실연비는 고성능답게 그리 좋지는 못합니다만 6,8기통의 것보다는 효율이 훨씬 낫습니다. 전륜기반 4륜이지만 스포츠모드에서는 적극적으로 후륜으로 힘을 보내서 재밌게 탈수 있습니다. 승차감은 고성능 트림 답게 단단합니다. 뒷좌석은 전륜기반차 답게 넉넉해요."
2026 BMW X1,,"GV70과 고민하다 M35i로 왔습니다. 기존 x1보다 실내도 넓고 디자인이 좋습니다. 순정 쿼드 머플러, 가상사운드지만 아이코닉사운드에서 나오는 배기음이 주행 재미를 주네요. 아주 만족합니다."
2026 BMW X1,,일단 스펙대비 바싸다고 생각은 들어서 가성비는 좀 떨어지는데 운전 편의성이아 디자인은 좋아요. 연비는 그다지. 뒷좌석 좁고 엉따안되서 아쉬움. 혼자용으로 적절
2026 BMW X1,,"디자인 과 운전성능이 좋습니다. 일상 주행시 좋은 연비를 나타내며, 필요시 가속력도 좋습니다"
2026 BMW X1,,정말 너무너무 예뻐요 ㅠㅠ♥️ 맘에 쏙 듭니다..! 기능도 빠짐없구 여자 혼자타기에 딱입니다
2026 BMW X1,,가격과 디자인 편리성 연비부분에서 만족합니다 ᆢᆢᆢᆢᆢᆢᆢᆢᆢᆢᆢᆢᆢᆢ
2026 BMW M5,,클린봇이 부적절한 표현을 감지한 댓글입니다.
2026 BMW M5,,그럭저럭 좋은차 같습니당. 솔직히 무거운거 크게 느끼지는 못해요 ㅋㅋㅋ
2026 BMW M5,,"가속력, 승차감, 연비, 거주성, 정숙성, 오디오까지 다 잡은 완벽한 올라운더!! 가격도 이 정도 성능이면 완전 가성비! 👍"
2026 BMW M5,,역시 드림카 답네요 시내에선 조용하고 부드러운 전기차로 시외에선 넘사벽 마력과 토크의 스포츠카로 다양한 주행이 가능한 만능차 입니다
2026 BMW M5,,PHEV가 되면서 정말 최고의 데일리 스포츠 슈퍼세단이네요. 무게 생각마시고 타보시면 매우 만족할거에요.
2026 BMW M4 컨버터블,,"스티어링 휠은 움직이면 움직이는 대로, 승차감은 생각보다는 많이 편하고 호불호 갈린다는 디자인은 실물보면 그런소리 안나옵니다"
2026 BMW M4 컨버터블,,"이보다 완벽한 컨버터블은 없을듯. 특히 한정판은 색상도 유니크함. 일반모드에서는 그냥 편안한 세단이지만 스포츠 모드에서는 슈퍼카급, 배기음도 작살, 하지만 좀 못생겨 보이는 특정 각도가 있음."
2026 BMW M4 컨버터블,,"최고의 가성비, 극강의 성능의 스포츠카입니다. 노말모드와 스포츠블러스에서의 차이가 극명해서, 세단처럼 다니다 버튼하나로 준슈퍼카로 돌변하지요."
2026 BMW M4 컨버터블,,이 차는 그냥 간지 그 잡채입니다 편안할라고 타는 차는 아니고 뽐내고 달리기 좋은 재밌는 차량입니다.
2026 BMW M4 컨버터블,,"1m과 m6그란쿠페를 거쳐 m4컨버 탑니다. 14년째 m만 타고 있는데 뚜껑 열리는게 너무 마음에 듭니다. 소탑이라 뚜겅 닫아도 뒤뚱거리지않고 기가 막힙니다. 뒷자리는 여자성인도 편하게 착석이 가능해서 애들 뒤에 태우고 1박여행도 가능합니다. 한겨울에도 윈드리플렉터 달고 창문열고 넥워머 히터에 핸들,엉따 히터캬고 달리면 안춥습니다. 레이저라이트 상향등도 좋습니다. 단순히 어댑티브만 되는게 아니라 앞차량이나 맞은편 차량들 피해서 주변으로 상향등 켜줍니다. 반자율주행ADAS도 너무 잘되서 장거리 크루징에 편합니다. F바디때는 듀얼클러치인데 이게 실생활에서는 되게 불편합니다. 오르막을 후진으로 해야할때 진짜 불편함. 그런데 G바디에서는 두얼클라치 버리고 ZF 락업클러치방식 8단밋션 박았는데 이게 너무 빠르고 실생활에서도 편하고 좋습니다. 신차샀으니 앞으로 백발노인 되서도 뚜껑 열고 타고다니려합니다. 내인생 마지막 내연기관 고성능 칸버터블. 평생소장각"
2026 BMW M4 컨버터블,,이 가격애 이정도면 뭐.. 준수하다고 봅니다. 만족스럽게 타고 있습니다.
2026 BMW M4 컨버터블,,"장점은 너무 많다. 1. 컨버라서 뚜껑따고 달릴때 진짜 기분 좋고 관종이 된 느낌이 든다. 2. 마력이 넘쳐흐르니 풀악셀 땡기고 다닐때 좋다. 3. 1억 오버 4인승 컨버중에 가장 갓성비다. 연비 좋고, 달릴때 잘 달리고 설때 잘 서고, 시트색도 주황이라 이뻐서 오픈하면 내부도 이쁘다. 단점? 하나다. 빗길 눈길에선 진짜 쥐약이다. 비오는 날 고속도로에서 80 달리다가 120정도로 잠깐 속력 올렸다고 차 360도 돌았었다. 진짜 죽는 줄 알았다. 안타본 인간들이야 키보드로 뭐 컨트롤이 어쩌네 하면서 자위질 하겠지만, 난 벰 드센 M드리프트2까지 이수했다. 뭐 전에 타던 차가 981s 였는데, 코너링이 어쩌고 하는 인간들은 2인승과 4인승 구분도 못하는 인간들이나 그런거라 생각한다. 그냥 1억 언저리에서 뚜따되고 잘 조지고 다니고, 적당히 이쁜거 타고다니기엔 이차만한게 없는 거 같다. 하지만 애낳으면 타이칸으로 갈거같다.."
2026 BMW M4 컨버터블,,가격과 연비를빼면 이만한차는 없을지도...
2026 BMW M4 컨버터블,,생각보다 정숙성 편의성이 큽니다. 운동성능은 충분하고 오히려 다 쓰지 못하는 정도 입니다.
2026 BMW M4 컨버터블,,bmw m만의 퍼포먼스를 느끼며 매우 만족함니다. 가격이 비싼거 빼고는 단점이 없씀니다.
2026 BMW M3 투어링,,실용성과 거주성이 어느정도 보장된 투어링에 M3면 말 다한 것 같습니다. 스포츠 플러스에 D3로 놔두면 너무 과격해져서 평소에는 M2버튼을 스포츠로만 둬도 충분합니다. 연비는 시내운전은 쥐약인데 이차가 연비생각하고 타는 차는 아니니깐요.
2026 BMW M3 투어링,,포르쉐 밑에급에서는 출력 디자인 관리 서비스등등 M3가 최고라고 생각합니다.
2026 BMW M3 투어링,,이 가격에 이정도의 성능을 낼 수 있는 차는 없다고 봅니다. M3를 타면서 승차감이나 거주성 또는 연비를 따지는건 모순이며 차 자체가 주는 매력이 너무 좋기 때문에 정확한 목적을 가지고 사는 차라고 생각합니다. 1억이 넘는 3시리즈가 아니라 완전히 다른차입니다.
2026 BMW M3 투어링,,"다 필요 없고 고속운전의 재미만 누리겠다 하면 이만한 차 없습니다. 1억 대로 슈퍼카 감성까지는 느낄 수 있습니다. 시속 70km를 넘겨야 운전할 때 멀쩡한 느낌이 납니다. 저속에서는 브레이크, 악셀이 매우 예민하고 핸들이 무거우며, 차체가 커다랗고 딱딱한 덩어리같이 느껴져 데일리로는 약간 부담스러운 차입니다. 가능은 하지만… 다른차 운전하면 물침대같고 운전하기 너무 편하다고 느끼는게 순기능(?)인 것 같네요… 코너 핸들링 최고고 고속 주행 시, 정말 짜릿합니다. 그 안정적이면서 칼같은 맛을 잊지 못해 기변을 못합니다. 차체가 생각보다 약간 커서 뒤에 거주성은 좋지만 시트포지션이 낮아서 내맘같아지는데 약간의 적응기간이 있습니다. 디자인도 포스있고 괜찮습니다. 시트색상도 스포츠카이기 때문에 화려한 색상으로 해도 잘 어울립니다. 실내 자재가 제네시스에 비해서는 좀 떨어지지만 역시 고급세단이 아니라는 점을 감안하면 수용 가능합니다."
2026 BMW M3 투어링,,BMW 고성능의 근본 모델이자 가격대비 최고의 펀 스포츠세단. 아직까지는 동 모델 양카 별로 없어서 탈만한데 감가 많이 맞은 연식 양카화 될때쯤 기변 필요. 밥통은 너무 작습니다ㅠ
2026 BMW M3 투어링,,이런 성항의 차 중에는 대체재가 거의 없는 차. ID8은 어떤 사람이 설계했는지 궁금할 정도로 별로였는데 주행성능 하나로 용서가 되는 차.
2026 BMW M3 투어링,,기본 기름통이 너무 적어서 좀 불편해요 주행성능은 최고 입니다 배기는 당연히 해야합니다
2026 BMW M3 투어링,,찐엠의 성능은 두말할것도 없고 이전세대 대비 편안한승차감과 주행성 모든부분 만족합니다
2026 BMW M3 투어링,,윤전하기 너무 편하게 되어 있어요 잘 산거 같습니다! 디자인은 호불호가 있기는 하지만요
2026 BMW M3 투어링,,클린봇이 부적절한 표현을 감지한 댓글입니다.
2026 BMW M3,,실용성과 거주성이 어느정도 보장된 투어링에 M3면 말 다한 것 같습니다. 스포츠 플러스에 D3로 놔두면 너무 과격해져서 평소에는 M2버튼을 스포츠로만 둬도 충분합니다. 연비는 시내운전은 쥐약인데 이차가 연비생각하고 타는 차는 아니니깐요.
2026 BMW M3,,포르쉐 밑에급에서는 출력 디자인 관리 서비스등등 M3가 최고라고 생각합니다.
2026 BMW M3,,이 가격에 이정도의 성능을 낼 수 있는 차는 없다고 봅니다. M3를 타면서 승차감이나 거주성 또는 연비를 따지는건 모순이며 차 자체가 주는 매력이 너무 좋기 때문에 정확한 목적을 가지고 사는 차라고 생각합니다. 1억이 넘는 3시리즈가 아니라 완전히 다른차입니다.
2026 BMW M3,,"다 필요 없고 고속운전의 재미만 누리겠다 하면 이만한 차 없습니다. 1억 대로 슈퍼카 감성까지는 느낄 수 있습니다. 시속 70km를 넘겨야 운전할 때 멀쩡한 느낌이 납니다. 저속에서는 브레이크, 악셀이 매우 예민하고 핸들이 무거우며, 차체가 커다랗고 딱딱한 덩어리같이 느껴져 데일리로는 약간 부담스러운 차입니다. 가능은 하지만… 다른차 운전하면 물침대같고 운전하기 너무 편하다고 느끼는게 순기능(?)인 것 같네요… 코너 핸들링 최고고 고속 주행 시, 정말 짜릿합니다. 그 안정적이면서 칼같은 맛을 잊지 못해 기변을 못합니다. 차체가 생각보다 약간 커서 뒤에 거주성은 좋지만 시트포지션이 낮아서 내맘같아지는데 약간의 적응기간이 있습니다. 디자인도 포스있고 괜찮습니다. 시트색상도 스포츠카이기 때문에 화려한 색상으로 해도 잘 어울립니다. 실내 자재가 제네시스에 비해서는 좀 떨어지지만 역시 고급세단이 아니라는 점을 감안하면 수용 가능합니다."
2026 BMW M3,,BMW 고성능의 근본 모델이자 가격대비 최고의 펀 스포츠세단. 아직까지는 동 모델 양카 별로 없어서 탈만한데 감가 많이 맞은 연식 양카화 될때쯤 기변 필요. 밥통은 너무 작습니다ㅠ
2026 BMW M3,,이런 성항의 차 중에는 대체재가 거의 없는 차. ID8은 어떤 사람이 설계했는지 궁금할 정도로 별로였는데 주행성능 하나로 용서가 되는 차.
2026 BMW M3,,기본 기름통이 너무 적어서 좀 불편해요 주행성능은 최고 입니다 배기는 당연히 해야합니다
2026 BMW M3,,찐엠의 성능은 두말할것도 없고 이전세대 대비 편안한승차감과 주행성 모든부분 만족합니다
2026 BMW M3,,윤전하기 너무 편하게 되어 있어요 잘 산거 같습니다! 디자인은 호불호가 있기는 하지만요
2026 BMW M3,,클린봇이 부적절한 표현을 감지한 댓글입니다.
2026 BMW 7시리즈 플러그인 하이브리드,,이돈에 이차면 혜자인듯 ----------------------------
2026 BMW 7시리즈 플러그인 하이브리드,,"i7 기다리다가 지쳐 740d 출고, 디자인은 S클래스 압도, 가장 우려했던 디젤의 소음과 진동은 진짜 걱정 안하셔도 됨, 가솔린 모델을 타보진 않았지만 정차 중에도 엄청 고요하고 정숙함. 연비는 현재 1천키로 조금 넘었는데 시내, 고속 복합 16은 나옴, 고속주행후 11만원 정도 기름 넣으면 주행가능거리 거의 13백키로 정도 나옴. 각종 편의사양 말 할것 없고 주행질감이나 승차감 느껴보면 이래서 좋은 차 타는구나 뼈저리게 실감할 수 있음. 시어터스크린, 뒷좌석 시트 굳이 필요 없으면 740d 강추, 정말 비싸지만 싼 차라고 생각됨, 기존 볼보 S90 23년식에 비하면 다른 세상의 차 같음, 다만 시스템 UI 가 직관적이지 못하고 복잡하며 오디오가 가볍고 날리는 음색이라 아쉬움. 오디오는 같은 b&w 라도 역시 볼보가 훨 나음."
2026 BMW 7시리즈 플러그인 하이브리드,,이 덩치에 이 무게를 이렇게나 잘 달릴수 있다고? 연비는 진짜 어마무시하고 승차감도 좋네요. S클래스와 아주 잠시 고민했지만 대만족합니다.
2026 BMW 7시리즈 플러그인 하이브리드,,그동안 탔던 대형세단 중에 최고입니다. 드디어 BMW가 벤츠를 앞선거 같습니다.
2026 BMW 7시리즈 플러그인 하이브리드,,"우르스 ,296gts 오너임/m760에서 740d로 와이프차 바뀌줌! 강남 시내연비 5-6정도 나옴 너무 기대는 하지들마삼/ 5억7억짜리차들보다 끼어들기가 쉽다는 느낌이듬 결론은 뽀다구 나는차중 가장 싸고 연비좋음 8기통12기통 강남 시내연비 1-2사이임"
2026 BMW 7시리즈 플러그인 하이브리드,,너무 멋진 차량입니다. 한마디로 내연의장점과 전기의장점 모두 갖춘 플래그쉽.
2026 BMW 7시리즈 플러그인 하이브리드,,가격대비 좋은 성능과 우람한 차체가 좋습니다 단점이자 장점은 8k시어터 스크린 인데 운전자석을 너무 앞으로 당겨야 펼쳐진다는점 연비 좋습니다 고속주행 만은편인데 평균 13~14 나옵니다 고속항속만 할경우 16도 나옵니다
2026 BMW 7시리즈 플러그인 하이브리드,,이번 7시리즈는 진짜 잘나왔음 굿굿. 말이 필요없음~ 뒷좌석 시어터스크린은 진짜 대박임~ 아이들이 정말 좋아함!!
2026 BMW 7시리즈 플러그인 하이브리드,,롤스로이스가 부럽지 않네요. 차가 웅장하고 멋있습니다. 디자인과 성능면에서 단연 최고의 차입니다.
2026 BMW 7시리즈 플러그인 하이브리드,,차체도 크고 엔진 배기량도 3000cc 인데 시내연비는 소소 하지만 고속도로 연비는 좋아요 주행 질감도 좋으네요
2026 BMW 7시리즈,,이돈에 이차면 혜자인듯 ----------------------------
2026 BMW 7시리즈,,"i7 기다리다가 지쳐 740d 출고, 디자인은 S클래스 압도, 가장 우려했던 디젤의 소음과 진동은 진짜 걱정 안하셔도 됨, 가솔린 모델을 타보진 않았지만 정차 중에도 엄청 고요하고 정숙함. 연비는 현재 1천키로 조금 넘었는데 시내, 고속 복합 16은 나옴, 고속주행후 11만원 정도 기름 넣으면 주행가능거리 거의 13백키로 정도 나옴. 각종 편의사양 말 할것 없고 주행질감이나 승차감 느껴보면 이래서 좋은 차 타는구나 뼈저리게 실감할 수 있음. 시어터스크린, 뒷좌석 시트 굳이 필요 없으면 740d 강추, 정말 비싸지만 싼 차라고 생각됨, 기존 볼보 S90 23년식에 비하면 다른 세상의 차 같음, 다만 시스템 UI 가 직관적이지 못하고 복잡하며 오디오가 가볍고 날리는 음색이라 아쉬움. 오디오는 같은 b&w 라도 역시 볼보가 훨 나음."
2026 BMW 7시리즈,,이 덩치에 이 무게를 이렇게나 잘 달릴수 있다고? 연비는 진짜 어마무시하고 승차감도 좋네요. S클래스와 아주 잠시 고민했지만 대만족합니다.
2026 BMW 7시리즈,,그동안 탔던 대형세단 중에 최고입니다. 드디어 BMW가 벤츠를 앞선거 같습니다.
2026 BMW 7시리즈,,"우르스 ,296gts 오너임/m760에서 740d로 와이프차 바뀌줌! 강남 시내연비 5-6정도 나옴 너무 기대는 하지들마삼/ 5억7억짜리차들보다 끼어들기가 쉽다는 느낌이듬 결론은 뽀다구 나는차중 가장 싸고 연비좋음 8기통12기통 강남 시내연비 1-2사이임"
2026 BMW 7시리즈,,너무 멋진 차량입니다. 한마디로 내연의장점과 전기의장점 모두 갖춘 플래그쉽.
2026 BMW 7시리즈,,가격대비 좋은 성능과 우람한 차체가 좋습니다 단점이자 장점은 8k시어터 스크린 인데 운전자석을 너무 앞으로 당겨야 펼쳐진다는점 연비 좋습니다 고속주행 만은편인데 평균 13~14 나옵니다 고속항속만 할경우 16도 나옵니다
2026 BMW 7시리즈,,이번 7시리즈는 진짜 잘나왔음 굿굿. 말이 필요없음~ 뒷좌석 시어터스크린은 진짜 대박임~ 아이들이 정말 좋아함!!
2026 BMW 7시리즈,,롤스로이스가 부럽지 않네요. 차가 웅장하고 멋있습니다. 디자인과 성능면에서 단연 최고의 차입니다.
2026 BMW 7시리즈,,차체도 크고 엔진 배기량도 3000cc 인데 시내연비는 소소 하지만 고속도로 연비는 좋아요 주행 질감도 좋으네요
2026 BMW 5시리즈 플러그인 하이브리드,,"연비좋고, 정숙하고, 차 잘 나가고 역시 bmw 이구나! 합니다 가격 조금 비싼거 빼고는 만족"
2026 BMW 5시리즈 플러그인 하이브리드,,너무 마음에 듭니다. 그전에 The new G70타다가 넘어 왔는데 연비가 말이 안되네요
2026 BMW 5시리즈 플러그인 하이브리드,,주행이나 조작감이 부드러워요. 핸드폰 거치가 불편해요 음료거치가 불편해요. 그렇다고 안좋은건 아님. 충전단자에 물이 들어갈까 신경 쓰임. 뭐 좋 아 요 ^^
2026 BMW 5시리즈 플러그인 하이브리드,,"진짜 만족하면서 타고 있어요. 불편한게 없어서 쭉 탈것 같아요. 연비도 좋고, 안정성도 좋고 반자율주행 기능도 좋아요."
2026 BMW 5시리즈 플러그인 하이브리드,,"가성비 훌륭하고 모자란 점을 못찾을만큼 만족스러운 차량, 고민했던 시간이 아까울 정도"
2026 BMW 5시리즈 플러그인 하이브리드,,g30 3년타다 g60기변자입니다. 전세대 보대 확실히 내장재는 저렴해 보이지만 안터렉션바+커진디스플레이 때문인지 앞좌석은 적응되면 괜찮네요.. 뒷자리 엠비언트가 예전보다 못한건 아쉽네요.. 승차감이 단단하다고 하지만 전세대 보단 승차감 거주성 개선되었습니다.. 하지만 2열 각도는 여전히 아쉽네요.. 잡소리와 잔잔한 문제가 있지만 아직까진 만족합니다. 비엠이 원가절감 하는건 이번이 마지막이면 좋겠네요...
2026 BMW 5시리즈 플러그인 하이브리드,,싸구려 내장제 빼고는 다 만족함 승차감은 서스가 좀 단단한 편인데 한두달 차면 바로 적응됨
2026 BMW 5시리즈 플러그인 하이브리드,,전체적으로 좋고 차체도 이전모델대비 커지고 편의사양도 좋아져서 맘에들어요
2026 BMW 5시리즈 플러그인 하이브리드,,안타본 사람은 진짜 모를겁니다 타는순간 이 차를 왜 이제야 샀을까 더 일찍탈걸 후회가될 정도니까요 7개월타본 후기입니다 먼저 주행의 재미가 기가막힙니다 내가원하는대로 움직여주는 맛이 정말최고입니다 520i msp 화이트 색상 모델 타는중인데 밟는맛도 죽입니다 기본이어도 모자름이 없더라구요 브레이크 기능은 진짜 최고입니다 디자인도 내외관 모두 제맘엔 쏙들고 편의사항역시 부족함을 느낄게 없습니다 승차감 역시 좋습니다 실내 화이트시트는 진짜 너무예쁘구요 가장 중요한 연비는 마일드하이브리드차량으로 7개월탔고 현재 5700키로탔는데 한달에 한번 정도주유합니다 가득주유시 저는 주행가능키로수 1060키로정도 떴었습니다. 잘나가고 이쁘고 연비좋고 무슨말을 더하겠습니까 거기에 딜러분도 최고고 서비스센터도 알아서 차량점검 연락주시고 진짜만족도 최고입니다 저는 다음에 차를바꿀때도 무조건 bmw탈것같습니다
2026 BMW 5시리즈 플러그인 하이브리드,,BMW라 쓰고 예술이라고 읽는다.한번은 꼭 타봐야할차 그냥 말이 필요없는차.역시 5시리즈
2026 BMW 4시리즈 컨버터블,,"주행성능 : 3실급 기모찌 가격 : 컴팩트 치고 좀 비싸긴한데 통풍이있으니까 거주성: 작아서 오히려 편해~ 품질: 바이에른 원동기 공업사 = GOAT 디자인 : 3실에서 옮겨온 이유가 이거 , 봐도 봐도 안질림 체감연비 : 시내 7:고속3인데 월평 14이상 찍힘 + 공영주차장 50% 개굿"
2026 BMW 4시리즈 컨버터블,,투도어 쿠페를 생각하면 선택의 폭이 좁지만 선택했을때 만족감이 매우 높음.
2026 BMW 4시리즈 컨버터블,,응답성 연비 주행성 불편함이 없음 시트 포지션도 만족 합니다.ㅡㅡㅡㅡㅡㅡㅡㅡ
2026 BMW 4시리즈 컨버터블,,굉장히 부드럽습니다. 전혀 스포츠카 라고는 생각이 들지 않는 편안함....어뎁티브서스펜션보다는 일반 m서스추천드려요... 어뎁티브 좀 싸구려가 들어간듯....앞쪽은 bmw 평범한 강성정도이고.. 뒷쪽은 조금 흔들리는게 느껴지는데 승차감이 좋아졌구나 정도 입니다..ㅎㅎㅎㅎ연비가 예전 20i 만큼 좋아요~크게 차이 나지는 않습니다만 초반에 모터가 도와주는게 느껴져서 48v 모터 없는거 보다는 느낌이 훨씬 경쾌해요~출발할때 살짝 30i 정도 되는 엔진 느낌이 납니다.
2026 BMW 4시리즈 컨버터블,,"마일드 하이브리드 시스템 덕에 시내주행도 어지간하면 10이상은 나와주고, 고속은 20에 근접하는 연비 말이 필요없는 디자인, 강하진 않지만 답답할일 없는 출력 3시리즈 보다가 옵션때문에 4로 왔는데, 국산차에 밀리지 않는 옵션 너무 좋고, 실내 디자인도 너무 잘뽑혔습니다 길들이는 중이라 아직 제대로 타보진 못했지만 몇 번 스포츠 모드 켜봤는데, 이게 bmw의 운전재미구나 느낌 괜히 사람들이 m으로 넘어가려는게 아니구나 싶어요 저도 다음차는 m으로 넘어가기 위해 열심히 살아야겠습니다 ㅎㅎ"
2026 BMW 4시리즈 컨버터블,,"6기통 실키식스, 마일드하이브리드로 저속이나 고속이나, 업힐할때도 아주 부드럽고, 독특하면서도 아름다운 외관, 거의 항상 10을 넘는 3000cc배기량 대비 고연비, 나름 보기 편한 허드에 이큐 조금만 만져주면 들을만한 하만카돈 오디오. 까브리올레 같은 개방감은 없지만 낮은 천장의 루프글래스까지 다 열고 몰고 있으면 편안한 승차감을 더해 공기로 샤워하는 기분이 듬."
2026 BMW 4시리즈 컨버터블,,성능도 최고~~^^ 합리적인 가성비~~안정적인 주행성능… 운전의 편이성.. 생각 이상의 성능…
2026 BMW 4시리즈 컨버터블,,G70 3.3 2년 운행후 바꿨는데 승차감 연비 디자인 코너 안정성 재미까지 골고루 잘갖춰진 차네요 저랑 와이프 소형견까지 셋이 타고다니기 딱좋고 마력과 토크가 제원보다 높은것같은 체감이들어요 공도에서 답답하지않고 충분히 데일리+펀드라이빙 가능합니다 .실내 배기음은 작은데 막상 밖에서 들어보면 꽤나 크게들립니다. 다만 국산차에 비해서 인터페이스가 조금 불편해요. 음성인식이 말귀를 잘 못알아먹네요 ㅋㅋ 독일국적이니 그러려니 합니다..
2026 BMW 4시리즈 컨버터블,,전반적으로 만족합니다. 디자인도 좋고 연비도 나쁘지 않아요. 성능은 아직 길들이기중이라 100% 체감은 안되지만 힘도 좋아보입니다
2026 BMW 4시리즈 컨버터블,,"“공도에서 흔하지 않아 낭만있는 4 그란쿠페” 장점: 1. 마일드 하이브리드 시스템으로 시내 주행 시 연비 향상 및 정숙함 2. 날렵한 쿠페라인 디자인과 영롱한 레이저테일램프 3. 뒷유리까지 열리는 5도어 트렁크 4. D컷 핸들 및 3시리즈엔 없는 통풍시트 5. 4기통이지만 전혀 답답하지 않은 믿고 타는 BMW의 주행질감 및 코너링 (스포츠플러스키면 170km까진 충분히 즐길 수 있음) 단점: 1. 6천만원짜리 차에 이전 버전까지 있던 하만카돈스피커, 어댑티브서스펜션, 서라운드뷰 옵션 빠짐 (25년식 P1 기준) 2. 원격시동을 40만원주고 사야함 3. 자동주차 기능이 있지만 성능이 많이 삐리함 (주차라인 인식을 잘 못함) 4. 증강현실 내비 있지만 5시리즈처럼 상시로 사용 불가 (코너에서만 제한적으로 발동) 5. 3, 5시리즈처럼 인기차종이 아니라 정보가 많지 않아 약간의 공부 필요."
2026 BMW 4시리즈 그란쿠페,,"주행성능 : 3실급 기모찌 가격 : 컴팩트 치고 좀 비싸긴한데 통풍이있으니까 거주성: 작아서 오히려 편해~ 품질: 바이에른 원동기 공업사 = GOAT 디자인 : 3실에서 옮겨온 이유가 이거 , 봐도 봐도 안질림 체감연비 : 시내 7:고속3인데 월평 14이상 찍힘 + 공영주차장 50% 개굿"
2026 BMW 4시리즈 그란쿠페,,투도어 쿠페를 생각하면 선택의 폭이 좁지만 선택했을때 만족감이 매우 높음.
2026 BMW 4시리즈 그란쿠페,,응답성 연비 주행성 불편함이 없음 시트 포지션도 만족 합니다.ㅡㅡㅡㅡㅡㅡㅡㅡ
2026 BMW 4시리즈 그란쿠페,,굉장히 부드럽습니다. 전혀 스포츠카 라고는 생각이 들지 않는 편안함....어뎁티브서스펜션보다는 일반 m서스추천드려요... 어뎁티브 좀 싸구려가 들어간듯....앞쪽은 bmw 평범한 강성정도이고.. 뒷쪽은 조금 흔들리는게 느껴지는데 승차감이 좋아졌구나 정도 입니다..ㅎㅎㅎㅎ연비가 예전 20i 만큼 좋아요~크게 차이 나지는 않습니다만 초반에 모터가 도와주는게 느껴져서 48v 모터 없는거 보다는 느낌이 훨씬 경쾌해요~출발할때 살짝 30i 정도 되는 엔진 느낌이 납니다.
2026 BMW 4시리즈 그란쿠페,,"마일드 하이브리드 시스템 덕에 시내주행도 어지간하면 10이상은 나와주고, 고속은 20에 근접하는 연비 말이 필요없는 디자인, 강하진 않지만 답답할일 없는 출력 3시리즈 보다가 옵션때문에 4로 왔는데, 국산차에 밀리지 않는 옵션 너무 좋고, 실내 디자인도 너무 잘뽑혔습니다 길들이는 중이라 아직 제대로 타보진 못했지만 몇 번 스포츠 모드 켜봤는데, 이게 bmw의 운전재미구나 느낌 괜히 사람들이 m으로 넘어가려는게 아니구나 싶어요 저도 다음차는 m으로 넘어가기 위해 열심히 살아야겠습니다 ㅎㅎ"
2026 BMW 4시리즈 그란쿠페,,"6기통 실키식스, 마일드하이브리드로 저속이나 고속이나, 업힐할때도 아주 부드럽고, 독특하면서도 아름다운 외관, 거의 항상 10을 넘는 3000cc배기량 대비 고연비, 나름 보기 편한 허드에 이큐 조금만 만져주면 들을만한 하만카돈 오디오. 까브리올레 같은 개방감은 없지만 낮은 천장의 루프글래스까지 다 열고 몰고 있으면 편안한 승차감을 더해 공기로 샤워하는 기분이 듬."
2026 BMW 4시리즈 그란쿠페,,성능도 최고~~^^ 합리적인 가성비~~안정적인 주행성능… 운전의 편이성.. 생각 이상의 성능…
2026 BMW 4시리즈 그란쿠페,,G70 3.3 2년 운행후 바꿨는데 승차감 연비 디자인 코너 안정성 재미까지 골고루 잘갖춰진 차네요 저랑 와이프 소형견까지 셋이 타고다니기 딱좋고 마력과 토크가 제원보다 높은것같은 체감이들어요 공도에서 답답하지않고 충분히 데일리+펀드라이빙 가능합니다 .실내 배기음은 작은데 막상 밖에서 들어보면 꽤나 크게들립니다. 다만 국산차에 비해서 인터페이스가 조금 불편해요. 음성인식이 말귀를 잘 못알아먹네요 ㅋㅋ 독일국적이니 그러려니 합니다..
2026 BMW 4시리즈 그란쿠페,,전반적으로 만족합니다. 디자인도 좋고 연비도 나쁘지 않아요. 성능은 아직 길들이기중이라 100% 체감은 안되지만 힘도 좋아보입니다
2026 BMW 4시리즈 그란쿠페,,"“공도에서 흔하지 않아 낭만있는 4 그란쿠페” 장점: 1. 마일드 하이브리드 시스템으로 시내 주행 시 연비 향상 및 정숙함 2. 날렵한 쿠페라인 디자인과 영롱한 레이저테일램프 3. 뒷유리까지 열리는 5도어 트렁크 4. D컷 핸들 및 3시리즈엔 없는 통풍시트 5. 4기통이지만 전혀 답답하지 않은 믿고 타는 BMW의 주행질감 및 코너링 (스포츠플러스키면 170km까진 충분히 즐길 수 있음) 단점: 1. 6천만원짜리 차에 이전 버전까지 있던 하만카돈스피커, 어댑티브서스펜션, 서라운드뷰 옵션 빠짐 (25년식 P1 기준) 2. 원격시동을 40만원주고 사야함 3. 자동주차 기능이 있지만 성능이 많이 삐리함 (주차라인 인식을 잘 못함) 4. 증강현실 내비 있지만 5시리즈처럼 상시로 사용 불가 (코너에서만 제한적으로 발동) 5. 3, 5시리즈처럼 인기차종이 아니라 정보가 많지 않아 약간의 공부 필요."
2026 BMW 4시리즈,,"주행성능 : 3실급 기모찌 가격 : 컴팩트 치고 좀 비싸긴한데 통풍이있으니까 거주성: 작아서 오히려 편해~ 품질: 바이에른 원동기 공업사 = GOAT 디자인 : 3실에서 옮겨온 이유가 이거 , 봐도 봐도 안질림 체감연비 : 시내 7:고속3인데 월평 14이상 찍힘 + 공영주차장 50% 개굿"
2026 BMW 4시리즈,,투도어 쿠페를 생각하면 선택의 폭이 좁지만 선택했을때 만족감이 매우 높음.
2026 BMW 4시리즈,,응답성 연비 주행성 불편함이 없음 시트 포지션도 만족 합니다.ㅡㅡㅡㅡㅡㅡㅡㅡ
2026 BMW 4시리즈,,굉장히 부드럽습니다. 전혀 스포츠카 라고는 생각이 들지 않는 편안함....어뎁티브서스펜션보다는 일반 m서스추천드려요... 어뎁티브 좀 싸구려가 들어간듯....앞쪽은 bmw 평범한 강성정도이고.. 뒷쪽은 조금 흔들리는게 느껴지는데 승차감이 좋아졌구나 정도 입니다..ㅎㅎㅎㅎ연비가 예전 20i 만큼 좋아요~크게 차이 나지는 않습니다만 초반에 모터가 도와주는게 느껴져서 48v 모터 없는거 보다는 느낌이 훨씬 경쾌해요~출발할때 살짝 30i 정도 되는 엔진 느낌이 납니다.
2026 BMW 4시리즈,,"마일드 하이브리드 시스템 덕에 시내주행도 어지간하면 10이상은 나와주고, 고속은 20에 근접하는 연비 말이 필요없는 디자인, 강하진 않지만 답답할일 없는 출력 3시리즈 보다가 옵션때문에 4로 왔는데, 국산차에 밀리지 않는 옵션 너무 좋고, 실내 디자인도 너무 잘뽑혔습니다 길들이는 중이라 아직 제대로 타보진 못했지만 몇 번 스포츠 모드 켜봤는데, 이게 bmw의 운전재미구나 느낌 괜히 사람들이 m으로 넘어가려는게 아니구나 싶어요 저도 다음차는 m으로 넘어가기 위해 열심히 살아야겠습니다 ㅎㅎ"
2026 BMW 4시리즈,,"6기통 실키식스, 마일드하이브리드로 저속이나 고속이나, 업힐할때도 아주 부드럽고, 독특하면서도 아름다운 외관, 거의 항상 10을 넘는 3000cc배기량 대비 고연비, 나름 보기 편한 허드에 이큐 조금만 만져주면 들을만한 하만카돈 오디오. 까브리올레 같은 개방감은 없지만 낮은 천장의 루프글래스까지 다 열고 몰고 있으면 편안한 승차감을 더해 공기로 샤워하는 기분이 듬."
2026 BMW 4시리즈,,성능도 최고~~^^ 합리적인 가성비~~안정적인 주행성능… 운전의 편이성.. 생각 이상의 성능…
2026 BMW 4시리즈,,G70 3.3 2년 운행후 바꿨는데 승차감 연비 디자인 코너 안정성 재미까지 골고루 잘갖춰진 차네요 저랑 와이프 소형견까지 셋이 타고다니기 딱좋고 마력과 토크가 제원보다 높은것같은 체감이들어요 공도에서 답답하지않고 충분히 데일리+펀드라이빙 가능합니다 .실내 배기음은 작은데 막상 밖에서 들어보면 꽤나 크게들립니다. 다만 국산차에 비해서 인터페이스가 조금 불편해요. 음성인식이 말귀를 잘 못알아먹네요 ㅋㅋ 독일국적이니 그러려니 합니다..
2026 BMW 4시리즈,,전반적으로 만족합니다. 디자인도 좋고 연비도 나쁘지 않아요. 성능은 아직 길들이기중이라 100% 체감은 안되지만 힘도 좋아보입니다
2026 BMW 4시리즈,,"“공도에서 흔하지 않아 낭만있는 4 그란쿠페” 장점: 1. 마일드 하이브리드 시스템으로 시내 주행 시 연비 향상 및 정숙함 2. 날렵한 쿠페라인 디자인과 영롱한 레이저테일램프 3. 뒷유리까지 열리는 5도어 트렁크 4. D컷 핸들 및 3시리즈엔 없는 통풍시트 5. 4기통이지만 전혀 답답하지 않은 믿고 타는 BMW의 주행질감 및 코너링 (스포츠플러스키면 170km까진 충분히 즐길 수 있음) 단점: 1. 6천만원짜리 차에 이전 버전까지 있던 하만카돈스피커, 어댑티브서스펜션, 서라운드뷰 옵션 빠짐 (25년식 P1 기준) 2. 원격시동을 40만원주고 사야함 3. 자동주차 기능이 있지만 성능이 많이 삐리함 (주차라인 인식을 잘 못함) 4. 증강현실 내비 있지만 5시리즈처럼 상시로 사용 불가 (코너에서만 제한적으로 발동) 5. 3, 5시리즈처럼 인기차종이 아니라 정보가 많지 않아 약간의 공부 필요."
2026 BMW 3시리즈 투어링,,"공도에서는 포르쉐 람보르기니 페라리를 능가하는 공도의 제왕 넉넉하다 못해 넘치는 힘 꿈과같은 비교불가의 연비 (제경우, 데일리 기준 16km/L) 말도 안되는 가격 성능과 기타 기능 등 완벽의 밸런스 거의 만화에나 나올법한 비현실적인 자동차"
2026 BMW 3시리즈 투어링,,"해치백, 웨건 좋아하는 사람들에게 이만한 차 없죠. 대중적이지는 않지만 매력은 충분한 차."
2026 BMW 3시리즈 투어링,,lci2부터 야성의 배기음은 잃었지만 출력이 392마력 55토크로 상승하였어도 4륜을 감안하더라도 복합연비가 10.8km 구간단속 정속주행시 16은 거뜬히 나오고.. 코너링 및 직빨은 말해뭐해 최고입니다 어댑티브 서스가 들어가 승차감도 좋고 생각보다 2열 공간이 아늑하듯 넓어 타기 좋아요(전 181인데 친구가 운전할때 타봤는데 탈만 합니다) 패밀리카로 쓰기도 좋아보여서 추천드립니다 ㅎ
2026 BMW 3시리즈 투어링,,이 가격대에 6기통 후륜에 이만한 성능과 품질의 차를 탈 수 있다는 것이 좋습니다. 연비도 아주 좋네요.
2026 BMW 3시리즈 투어링,,장거리 운전시 허리가 아픈거 빼고는 대체로 만족하고있습니다 저만 아픈걸수도 있어요
2026 BMW 3시리즈 투어링,,우주명차 이차를모른다면 자동차를 모르는것이다 뭐더이상 설명할게 필요한가 ?
2026 BMW 3시리즈 투어링,,고속도로 왕복 매일 90키로정도 타는데 연비가 좋아서 출퇴근용으로 혼자 타기 좋습니다!
2026 BMW 3시리즈 투어링,,BMW 320i는 우주명차입니다. 가장 완벽한 밸런스 후륜의 스포티함과 고급감 일상생활에서의 편안한을 모두 가지고 있습니다.
2026 BMW 3시리즈 투어링,,"3,5 둘다 많이 타봤지만 530보다 320이 재밌습니다. 스팩상 출력은 무난해보이지만 325i정도 느낌이고 밸런스가 좋다보니 자꾸 340 m3는 대체 어떨까? 기웃거리게 되는점이 최대 단점입니다."
2026 BMW 3시리즈 투어링,,시내에서 전기로만 40km이내이면 굿굿!! 출퇴근짱입니다. 비엠으로 운전도 재밋어요 ㅎㅎ
2026 BMW 3시리즈,,"공도에서는 포르쉐 람보르기니 페라리를 능가하는 공도의 제왕 넉넉하다 못해 넘치는 힘 꿈과같은 비교불가의 연비 (제경우, 데일리 기준 16km/L) 말도 안되는 가격 성능과 기타 기능 등 완벽의 밸런스 거의 만화에나 나올법한 비현실적인 자동차"
2026 BMW 3시리즈,,"해치백, 웨건 좋아하는 사람들에게 이만한 차 없죠. 대중적이지는 않지만 매력은 충분한 차."
2026 BMW 3시리즈,,lci2부터 야성의 배기음은 잃었지만 출력이 392마력 55토크로 상승하였어도 4륜을 감안하더라도 복합연비가 10.8km 구간단속 정속주행시 16은 거뜬히 나오고.. 코너링 및 직빨은 말해뭐해 최고입니다 어댑티브 서스가 들어가 승차감도 좋고 생각보다 2열 공간이 아늑하듯 넓어 타기 좋아요(전 181인데 친구가 운전할때 타봤는데 탈만 합니다) 패밀리카로 쓰기도 좋아보여서 추천드립니다 ㅎ
2026 BMW 3시리즈,,이 가격대에 6기통 후륜에 이만한 성능과 품질의 차를 탈 수 있다는 것이 좋습니다. 연비도 아주 좋네요.
2026 BMW 3시리즈,,장거리 운전시 허리가 아픈거 빼고는 대체로 만족하고있습니다 저만 아픈걸수도 있어요
2026 BMW 3시리즈,,우주명차 이차를모른다면 자동차를 모르는것이다 뭐더이상 설명할게 필요한가 ?
2026 BMW 3시리즈,,고속도로 왕복 매일 90키로정도 타는데 연비가 좋아서 출퇴근용으로 혼자 타기 좋습니다!
2026 BMW 3시리즈,,BMW 320i는 우주명차입니다. 가장 완벽한 밸런스 후륜의 스포티함과 고급감 일상생활에서의 편안한을 모두 가지고 있습니다.
2026 BMW 3시리즈,,"3,5 둘다 많이 타봤지만 530보다 320이 재밌습니다. 스팩상 출력은 무난해보이지만 325i정도 느낌이고 밸런스가 좋다보니 자꾸 340 m3는 대체 어떨까? 기웃거리게 되는점이 최대 단점입니다."
2026 BMW 3시리즈,,시내에서 전기로만 40km이내이면 굿굿!! 출퇴근짱입니다. 비엠으로 운전도 재밋어요 ㅎㅎ
2026 BMW 2시리즈 액티브 투어러,,"1년째 몰고 있는데 연비, 승차감, 디자인, 고장없이 잘 몰고 있어요. 이제 엔진오일을 갈아야겠네요."
2026 BMW 2시리즈 액티브 투어러,,차량 가격 대비 만족스러운 성능입니다 실내 거주성도 여유가 있으며 운전하기 편한 여러 운전보조장치들이 있습니다
2026 BMW 2시리즈 액티브 투어러,,최신 OS 9 + 마사지 시트 + 하만 카돈 오디오 모두 갖춘 가성비 끝판왕 bmw예요~^^
2026 BMW 2시리즈 액티브 투어러,,"엔트리급임에도 많은 옵션이 기존 탑재되어 있고, BMW의 후륜구동이 아닌 것은 아쉽지만 주행성능도 만족할만 합니다. 부족한 점은 후륜 서스펜션이 방지턱 등 요철에서 편하진 않고, 사이드 미러가 살짝 뒤쪽에 있으며, 소음 유입이 있다는 점 정도이겠네요. 연비는 정말 잘 나옵니다. 정속 주행하면 20이 넘을 때도 있네요."
2026 BMW 2시리즈 액티브 투어러,,가성비최고의차량이라고생각합니다 연비도잘나오고고속주행도안정적입니다 차량은작지만실내사이즈잘뽑아서뒷자리도널널합니다
2026 BMW 2시리즈 액티브 투어러,,연비 아주 좋습니다. 주행성능은 그런대로 탈만합니다. 옵션이 말이 안되게 많이 들어있어서 가성비로는 이만한 차 찾기 힘들 거 같아요
2026 BMW 2시리즈 액티브 투어러,,전기차가 필요없을정도의 높은 연비 고속 25키로는 그냥찍히네요 최신bmw실내디자인이적용되서. 깔끔하고 이쁜 실내랑 편안한2열과 차지붕전체가 뚫려있는듯한 파노라마선루프까지 너무만족스럽습니다 Adas및 서라운드 뷰 마이bmw앱에서 관리제어가능한기능들. 매우 만족스럽구요 무엇보다 순정네비가 티맵으로적용되어서 길안내 교통정보반영 증강현실안내까지 빠짐이없네요 전륜이지만 bmw스러운 운동성능도 맛볼수있어서 머하나빠짐이없는것같습니다
2026 BMW 2시리즈 액티브 투어러,,"체감연비가 그야말로 끝내줍니다. 수입차는 기름먹는 차로 생각했는데 완전 오판이었어요. 기능, 성능, 실용성 모두 만족하며 운행하고 있습니다."
2026 BMW 2시리즈 액티브 투어러,,조아요조아요조아요조아요 조아요조아요조아요조아요 조아요조아요조아요조아요
2026 BMW 2시리즈 액티브 투어러,,"연비 시내 15, 고속 20 이상 나옵니다. 가솔린이라 정숙성과 승차감도 좋습니다. 실내도 아주 넓어요. 벤츠만 타다 BMW 처음 타보는데 벤츠보다 훨씬 좋아요."
2026 혼다 오딧세이,,2톤이 넘는 무게에 자연흡기 3.5L V6라 휘발유를 많이 먹긴 하지만 좋은 승차감과 편한 운전이 가능한 좋은차입니다.
2026 혼다 오딧세이,,"아이들이 차 멀미가 심해서 가장 편한 차량을 찾다가 구입하게 되었습니다. 일단 승차감 면에서는 좋습니다. 아이들 멀미 안하고, 차 타는거 좋아라합니다. 장거리 뛰더라도 전혀 부담이 없어요. 운전자 뿐 아니라 가족들도 대체로 편안해합니다. 그리고 차량의 기본기, 주행성은 정말 뛰어납니다. 혼다 차량들이 운전 재미가 있다는데, 그게 무슨 의미인지 알겠더라구요. 연비는 대략 8.7km/liter 정도 찍힙니다. (일반 휘발유) 지금까지 주행거리 약 4만 킬로미터 정도 입니다. 연비는 그런대로... 지방 중소도시라서 그런 것 같습니다. 아직까지는 가족들 태우고 조심조심 운전하고 있습니다. 괜찮은 차라고 생각합니다."
2026 혼다 오딧세이,,확실한 승차감 차체가 낮아서 타고 내리기 편함 인테리어는 아쉽지만 출발하면 이만한차가 없음 기름은 많이먹습니다
2026 혼다 오딧세이,,연비빼고는 패밀리카로 최고입니다. 기본기 충실하고 승차감 좋네요. 이번에 페이스리프트가 아닌 풀체인지가 됐었으면 하는 아쉬움은 있습니다.
2026 혼다 오딧세이,,"버드뷰 없는것 외에는 불편함이 없는 차 입니다. 운전자, 탑승자 모두 이정도 만족 할 수 있는 차는 없을 듯 합니다"
2026 혼다 오딧세이,,"미니밴의 지향점을 100% 만족하는 차량이다. 탁월한 주행성능과 안정성, 3열 거주성 등 무엇하나 단점을 찾기 어렵다. 단 요새 하이브리드가 대세인 점을 감안하면 자연흡기 6기통은 호불호가 갈릴 순 있다."
2026 혼다 오딧세이,,넉넉한 공간감 기본적인 전자 편의 장비 승용차와 견줄 만한 주행감 배기량 대비 나쁘지 않은 연비
2026 혼다 오딧세이,,패밀리카론 최고입니다. 안전하고 주행능력 좋고 승차감이 진짜 좋습니다.
2026 혼다 오딧세이,,가족들이 타고 다니기 즣습니다. 넓고 덩치대비 민첩합니다.다만 연비와 주자는 단점입니다
2026 혼다 오딧세이,,"고속도로 올려서 140km 이상 밟아보면 압니다. 이 차의 진가를요. 차를 설계한 엔지니어들의 진심이 느껴지죠~ 더불어 차량 안정성과 안락함, 정숙성은 카니발 따위가 비빌게 못됩니다. (카니발 6년타고 넘어왔음) 다만 기름을 줄줄 흘리는듯한 시내연비와 다소 못생김은 이차 오너가 이겨내야하는 장애물...ㅠㅠ"
2026 폭스바겐 투아렉,,의미없는 정가외 8천초중반에 대부분 출고하시는듯 구매하고자 하시는분들은 분기마감 혹은 연말할인까지 기다렸다 사시길 한달사이에 실구매가 700정도 떨어져 바로 지름 가격이 만족도를 좌우함 1억미만 수입 suv 모두 시승했으나 따라올 적수가없음 실내공간/주행성능/편의사양 빠지는것이없음 다만 디자인은 호불호 영역이나 비교군이되는 다른 프리미엄 suv 대비 떨어지는것은 맞음 gv80 xc90 q7 x5 고려안해본것은 아니나 가격차이를 생각하면 수긍 (1000-3500 출고시점 견적다받아본기준) 주행성능 또한 너무만족스러우나 본인주행환경이 시내주행이 많거나 주행거리가 매우짧다면 굳이라는생각 밟지않는 운전스타일이지만 신호대기후 출발시 혹은 급출발시 터보렉이 느껴져 시내주행시 약간굼뜸과 마하 부재로 시동켰다 꺼졌다할시 진동이 잘느껴짐으로 감점했으나 30-40 이상 밟으면 잘치고나가고 시속 180까지도 조용하고 답답함없이 가속됨 덤으로 고속주행 만땅시 1560km 까지뜸 결론 대만족
2026 폭스바겐 투아렉,,가성비 좋은 실용적인 고성능 SUV! 거주성 기계적성능 뒤질게 없다 브랜드 파워를 제외한다면 탁월한 선택
2026 폭스바겐 투아렉,,명차 임엔 분명 하다. 만족한점-스포츠 모드에서 2톤짜리가 경차처럼 튀어나감. 뛰어난 연비로 고속도로 17km이상. 안죽겠다는 안정감. 헤드램프 //불만족한 점-참 거지같은 에프터 서비스. 차라리 없는게 나은 순정네비. 안드로이드 오토와 연동안되는 HUD. 직관적이지 않은 터치스크린.
2026 폭스바겐 투아렉,,"신차가격이면 안사는 할인해서 8000 초반대면 굿 승차감, 거주성, 편의장비 풍부 디젤에대한 거부감 없고 하차감 이런거 신경 안쓰고 차량 본연의 기능인 운송수단으로서의 기능이라 생각하면 완전 굿"
2026 폭스바겐 투아렉,,다 좋은데 서비스 체계가 엉망입니다. 각 딜러사가 운영힐게 아니라 폭바 코리아에서 운영했으면 합니다
2026 폭스바겐 투아렉,,"차 자체로는 최상급의 만족감을 주는 차입니다. 전기차가 대세인 시대에 디젤엔진 차량을 선택하는게 선뜻 내키지 않지만 막상 운전해보면 디젤이 주는 위화감은 거의 없고 오히려 폭스바겐의 디젤차량 만들기의 정점에 도달한 우수한 품질과 고급스러운 주행감, 편안한 승차감, 뭐 하나 부족함 없는 편의사양 등 매우 만족스러운 차량입니다."
2026 폭스바겐 투아렉,,밸런스가 잘 잡힌 차입니다. 전장쪽이 좀 별로인거 빼면 최고에요. 2년간 주행하였고 여전히 볼때마다 설레네요
2026 폭스바겐 투아렉,,가격 대비 훌륭한 주행겅능 2열의 편안함...초반 엔진오일 담고 현상과 2%부족한 초기 품질문제를 제외하고는 완전 만족
2026 폭스바겐 투아렉,,옆으로 넓어서 주차하기 어려운거 빼고는 대만족입니다. 주로 골프 레져 및 장거리에 이용하고 있어요.
2026 폭스바겐 투아렉,,주행성능은 넘사벽이네요~~ ^^ 탈수록 편안함이 느껴져요~ 조용하기도 하구요~~
2026 포르쉐 파나메라 E-하이브리드,,"인생후반 늦게나마 드림카를 샀습니다. 이제 5천킬로 탄 시점이라 정확한 평가는 아니겠지만, 기대만큼 예쁘고 잘달리네요. 특히, 연비도 생각보다 좋아요. 고속도로만 보면 연비가 12.5km/L 정도는 나오네요. 물론 아직도 갖고 있는 벤츠 220d(디젤)는 고속도로 연비가 무려 22km/L 정도라서 비교는 안됩니다. 아무튼 미래차로 포르쉐를 꿈꾸고 있다면 응원합니다."
2026 포르쉐 파나메라 E-하이브리드,,하이브리드 PAR은 최곱니다. 롤링과 피칭이 없는 완벽한 스포츠카에요.
2026 포르쉐 파나메라 E-하이브리드,,"비싸서 그렇지 이만한게 있나. 마크빨로 타려면 카이엔 타이칸 같은거 사면 되고, 여유 있으면 2.5억 파나메라 사길. PAR옵션 있는 하이브리드로. (노멀하고 하늘과 땅 차이)"
2026 포르쉐 파나메라 E-하이브리드,,같은 파나메라라고 하기엔 PAR옵션 없는 차와 있는 차의 차이가 너무 크다. PAR은 무조건 넣어야 하는 옵션 그냥 다른차라고 보면 된다(와이프 차)
2026 포르쉐 파나메라 E-하이브리드,,예전부터 나의 드림카였는데 이제 나의 데일리카가 되었음ㅋ 너무 만족하고 타고있고 연비는 제원 나온 그대로임
2026 포르쉐 파나메라 E-하이브리드,,꿈의 차였고 드디어 타게 되었습니다. 매일매일 하루하루가 너무나 행복합니다.
2026 포르쉐 파나메라 E-하이브리드,,스포츠카와 안락한세단이 결합한 최고의 차입니다 이 차를 구매하신다면 후회하지 않을겁니다
2026 포르쉐 파나메라 E-하이브리드,,"스타일과 출력과 승차감과 연비, 거기에 운전 재미 어느것 하나 빠지지 않는 명차입니다. 차 디자인은 요즘 나오는 차 중에 베스트 인 것 같고 출력도 하이브리드라 4S급 정도는 나와줘서 부족하지 않으며, 업그레이드 된 에어서스펜션이 장착되어 단단하면서도 부드러운 승차감을 제공해줍니다. 단지 가격이 3세대 모델 출시되면서 많이 올랐고, 해마다 계속 오르고 있네요. 독일3사 위를 본다면 쿠페형 세단으로는 다른 대안이 없는 차라고 생각되며 다목적 스포츠 패밀리 세단으로 만족감이 매우 높습니다."
2026 포르쉐 파나메라 E-하이브리드,,가격빼고는 정말 대만족입니다 성능 연비 하차감까지 최고에요 좀 비싼게 흠 입니다
2026 포르쉐 파나메라 E-하이브리드,,구우우우우우우우우우우으우으으으으우우우웅우우우우우우우우우우우우우우우우우우우우웃
2026 포르쉐 파나메라,,"인생후반 늦게나마 드림카를 샀습니다. 이제 5천킬로 탄 시점이라 정확한 평가는 아니겠지만, 기대만큼 예쁘고 잘달리네요. 특히, 연비도 생각보다 좋아요. 고속도로만 보면 연비가 12.5km/L 정도는 나오네요. 물론 아직도 갖고 있는 벤츠 220d(디젤)는 고속도로 연비가 무려 22km/L 정도라서 비교는 안됩니다. 아무튼 미래차로 포르쉐를 꿈꾸고 있다면 응원합니다."
2026 포르쉐 파나메라,,하이브리드 PAR은 최곱니다. 롤링과 피칭이 없는 완벽한 스포츠카에요.
2026 포르쉐 파나메라,,"비싸서 그렇지 이만한게 있나. 마크빨로 타려면 카이엔 타이칸 같은거 사면 되고, 여유 있으면 2.5억 파나메라 사길. PAR옵션 있는 하이브리드로. (노멀하고 하늘과 땅 차이)"
2026 포르쉐 파나메라,,같은 파나메라라고 하기엔 PAR옵션 없는 차와 있는 차의 차이가 너무 크다. PAR은 무조건 넣어야 하는 옵션 그냥 다른차라고 보면 된다(와이프 차)
2026 포르쉐 파나메라,,예전부터 나의 드림카였는데 이제 나의 데일리카가 되었음ㅋ 너무 만족하고 타고있고 연비는 제원 나온 그대로임
2026 포르쉐 파나메라,,꿈의 차였고 드디어 타게 되었습니다. 매일매일 하루하루가 너무나 행복합니다.
2026 포르쉐 파나메라,,스포츠카와 안락한세단이 결합한 최고의 차입니다 이 차를 구매하신다면 후회하지 않을겁니다
2026 포르쉐 파나메라,,"스타일과 출력과 승차감과 연비, 거기에 운전 재미 어느것 하나 빠지지 않는 명차입니다. 차 디자인은 요즘 나오는 차 중에 베스트 인 것 같고 출력도 하이브리드라 4S급 정도는 나와줘서 부족하지 않으며, 업그레이드 된 에어서스펜션이 장착되어 단단하면서도 부드러운 승차감을 제공해줍니다. 단지 가격이 3세대 모델 출시되면서 많이 올랐고, 해마다 계속 오르고 있네요. 독일3사 위를 본다면 쿠페형 세단으로는 다른 대안이 없는 차라고 생각되며 다목적 스포츠 패밀리 세단으로 만족감이 매우 높습니다."
2026 포르쉐 파나메라,,가격빼고는 정말 대만족입니다 성능 연비 하차감까지 최고에요 좀 비싼게 흠 입니다
2026 포르쉐 파나메라,,구우우우우우우우우우우으우으으으으우우우웅우우우우우우우우우우우우우우우우우우우우웃
2026 포르쉐 타이칸 크로스 투리스모,,차를 아는 사람들은 느끼지만 PAR을 넣은 타이칸 GTS는 극한의 안락함과 날카로움을 동시에 줘서 정말 만족스러워요.
2026 포르쉐 타이칸 크로스 투리스모,,디자인이쁘고 성능좋고 연비가좋아요 그리고 차가안전감이좋습니다~~~~~~~
2026 포르쉐 타이칸 크로스 투리스모,,"페리 되면서 주행거리가 늘어나고, 서스도 에어서스가 기본으로 들어가 더욱더 주행 질감 좋아짐."
2026 포르쉐 타이칸 크로스 투리스모,,승하차감 모두 만족하며 주차시 문콕의 위험으로는 자유로울 수는 없습니다.
2026 포르쉐 타이칸 크로스 투리스모,,승차감 좋고 스포티하며 디자인은 특히 압도적입니다. 단점은 PCM이 허접합니다. 타 브랜드 대비 전장류가 매우 취약합니다.
2026 포르쉐 타이칸 크로스 투리스모,,"전기차 끝판왕, 디자인 주행능력 하차감 빠지는게 없습니다 전기라 유지비는 거의 없다생각하면 됩니다"
2026 포르쉐 타이칸 크로스 투리스모,,"포르쉐 다운 최고의 전기차. 주행 성능은 말할것도 없고, 전기차 특유의 이질감도 안느껴짐. 디자인은 모든 전기차중 최고이며, 내외장도 모두 고급 스러움. 인포테인먼트나 반자율주행 관련 부분은 다른 전기차에 밀리지만 그거 보고 타이칸 뽑는 사람은 없을거임. 타이칸은 포르쉐라는 브랜드에 걸맞는 진정한 전기 스포츠카임."
2026 포르쉐 타이칸 크로스 투리스모,,뭐하냐 안사고 뭐하냐 안사고뭐하냐 안사고뭐하냐 안사고뭐하냐 안사고뭐하냐 안사고뭐하냐 안사고뭐하냐 안사고뭐하냐 안사고뭐하냐 안사고뭐하냐 안사고뭐하냐 안사고뭐하냐 안사고뭐하냐 안사고뭐하냐 안사고뭐하냐 안사고
2026 포르쉐 타이칸 크로스 투리스모,,"디자인은 최고! 장시간 운전해도 편안하고, 큰 아이들이 아니라면 뒤에 아이들 2명 태우는 건 전혀 문제 없습니다. 파나메라와 911 의 접점이 타이칸이라고 보면 좋을 것 같네요."
2026 포르쉐 타이칸 크로스 투리스모,,만족합니다 잘 타고 다닐 수 있을 것 같아요 만족하고 잘 타고 다니겠습니다
2026 포르쉐 타이칸 GTS,,차를 아는 사람들은 느끼지만 PAR을 넣은 타이칸 GTS는 극한의 안락함과 날카로움을 동시에 줘서 정말 만족스러워요.
2026 포르쉐 타이칸 GTS,,디자인이쁘고 성능좋고 연비가좋아요 그리고 차가안전감이좋습니다~~~~~~~
2026 포르쉐 타이칸 GTS,,"페리 되면서 주행거리가 늘어나고, 서스도 에어서스가 기본으로 들어가 더욱더 주행 질감 좋아짐."
2026 포르쉐 타이칸 GTS,,승하차감 모두 만족하며 주차시 문콕의 위험으로는 자유로울 수는 없습니다.
2026 포르쉐 타이칸 GTS,,승차감 좋고 스포티하며 디자인은 특히 압도적입니다. 단점은 PCM이 허접합니다. 타 브랜드 대비 전장류가 매우 취약합니다.
2026 포르쉐 타이칸 GTS,,"전기차 끝판왕, 디자인 주행능력 하차감 빠지는게 없습니다 전기라 유지비는 거의 없다생각하면 됩니다"
2026 포르쉐 타이칸 GTS,,"포르쉐 다운 최고의 전기차. 주행 성능은 말할것도 없고, 전기차 특유의 이질감도 안느껴짐. 디자인은 모든 전기차중 최고이며, 내외장도 모두 고급 스러움. 인포테인먼트나 반자율주행 관련 부분은 다른 전기차에 밀리지만 그거 보고 타이칸 뽑는 사람은 없을거임. 타이칸은 포르쉐라는 브랜드에 걸맞는 진정한 전기 스포츠카임."
2026 포르쉐 타이칸 GTS,,뭐하냐 안사고 뭐하냐 안사고뭐하냐 안사고뭐하냐 안사고뭐하냐 안사고뭐하냐 안사고뭐하냐 안사고뭐하냐 안사고뭐하냐 안사고뭐하냐 안사고뭐하냐 안사고뭐하냐 안사고뭐하냐 안사고뭐하냐 안사고뭐하냐 안사고뭐하냐 안사고
2026 포르쉐 타이칸 GTS,,"디자인은 최고! 장시간 운전해도 편안하고, 큰 아이들이 아니라면 뒤에 아이들 2명 태우는 건 전혀 문제 없습니다. 파나메라와 911 의 접점이 타이칸이라고 보면 좋을 것 같네요."
2026 포르쉐 타이칸 GTS,,만족합니다 잘 타고 다닐 수 있을 것 같아요 만족하고 잘 타고 다니겠습니다
2026 포르쉐 타이칸,,차를 아는 사람들은 느끼지만 PAR을 넣은 타이칸 GTS는 극한의 안락함과 날카로움을 동시에 줘서 정말 만족스러워요.
2026 포르쉐 타이칸,,디자인이쁘고 성능좋고 연비가좋아요 그리고 차가안전감이좋습니다~~~~~~~
2026 포르쉐 타이칸,,"페리 되면서 주행거리가 늘어나고, 서스도 에어서스가 기본으로 들어가 더욱더 주행 질감 좋아짐."
2026 포르쉐 타이칸,,승하차감 모두 만족하며 주차시 문콕의 위험으로는 자유로울 수는 없습니다.
2026 포르쉐 타이칸,,승차감 좋고 스포티하며 디자인은 특히 압도적입니다. 단점은 PCM이 허접합니다. 타 브랜드 대비 전장류가 매우 취약합니다.
2026 포르쉐 타이칸,,"전기차 끝판왕, 디자인 주행능력 하차감 빠지는게 없습니다 전기라 유지비는 거의 없다생각하면 됩니다"
2026 포르쉐 타이칸,,"포르쉐 다운 최고의 전기차. 주행 성능은 말할것도 없고, 전기차 특유의 이질감도 안느껴짐. 디자인은 모든 전기차중 최고이며, 내외장도 모두 고급 스러움. 인포테인먼트나 반자율주행 관련 부분은 다른 전기차에 밀리지만 그거 보고 타이칸 뽑는 사람은 없을거임. 타이칸은 포르쉐라는 브랜드에 걸맞는 진정한 전기 스포츠카임."
2026 포르쉐 타이칸,,뭐하냐 안사고 뭐하냐 안사고뭐하냐 안사고뭐하냐 안사고뭐하냐 안사고뭐하냐 안사고뭐하냐 안사고뭐하냐 안사고뭐하냐 안사고뭐하냐 안사고뭐하냐 안사고뭐하냐 안사고뭐하냐 안사고뭐하냐 안사고뭐하냐 안사고뭐하냐 안사고
2026 포르쉐 타이칸,,"디자인은 최고! 장시간 운전해도 편안하고, 큰 아이들이 아니라면 뒤에 아이들 2명 태우는 건 전혀 문제 없습니다. 파나메라와 911 의 접점이 타이칸이라고 보면 좋을 것 같네요."
2026 포르쉐 타이칸,,만족합니다 잘 타고 다닐 수 있을 것 같아요 만족하고 잘 타고 다니겠습니다
2026 포르쉐 카이엔 쿠페,,여러가지 suv를 소유해 봤지만 모든면에서 최고입니다. 역시 포르쉐가 만들면 달라요.
2026 포르쉐 카이엔 쿠페,,"40대 여성 SUV는 처음, 그게 포르쉐 카이엔 좋음 시야확보 좋고, 차뽑기가 잘되서 잔고장 없이 좋음 생각보다 차가 커서 주차는 어렵지만, 원래 주차에 약한 편"
2026 포르쉐 카이엔 쿠페,,포르쉐 입문용으로 타기 좋고 때론 패밀리카로 때론 스포츠카 처럼 타기 좋으며 감가가 적어요
2026 포르쉐 카이엔 쿠페,,"연비가 생각보다는 괜찮았음. 가득주유하면 시내+고속 포함해서 평균 700키로이상은 주행함. 승차감, 디자인은 말할것도 없고 편의기능은 가격대비 생각하면 부족함."
2026 포르쉐 카이엔 쿠페,,전체적으로 매우 만족합니다. 가격이 많이 오르긴했지만 이정도 품질이면 합당한 가격이라 생각됩니다. 하브가 경고등 이슈가 있는거 같던데 제차량은 괜찮네요.
2026 포르쉐 카이엔 쿠페,,"반응 좋고 잘나가고 차량 가격 생각하면 당연한 성능을 충분히 보여주는 차량, 디자인과 포르쉐 감성을 충분히 느낄수 있으나 엔진오일 등 각종 소모품 교체 및 유지 비용이 비정상적으로 높으며 이에 상응하는 서비스 센터의 서비스 수준은 분노할 만큼 엉망임. 차량 소프트웨어 및 각종 센서류가 비정상 및 오류가 많으며 해당 문제들에 대해 제조사도 정확히 해결 방법을 모르고 있음. 종합적으로 포르쉐 감성 하나로 타기엔 충분하나 품위 유지비를 상당히 감수해야함"
2026 포르쉐 카이엔 쿠페,,"비쌈, 특별한 특징 없음, 포르쉐 이름 값빼면 BMW가 훨 좋은 차임. 차알못 유투버 리뷰하는 사람들 말듣고 샀다가 후회함. 걍 BMW 살걸 ㅜ"
2026 포르쉐 카이엔 쿠페,,가격빼고 모두 괜찮음. 하브라서 복합연비 양호. 디자인 세련. 승차감 좋음.
2026 포르쉐 카이엔 쿠페,,생각보단 빠르지않고 승차감은 좋은편같네요 아아아가가가사사사하하하자자자카카카
2026 포르쉐 카이엔 쿠페,,고성능 suv 패밀리카입니다. 저는 매우 만족합니다. 연비는 시내주행에서 4~5정도이고 고속에서는 9정도 나오네요.
2026 포르쉐 카이엔 GTS 쿠페,,여러가지 suv를 소유해 봤지만 모든면에서 최고입니다. 역시 포르쉐가 만들면 달라요.
2026 포르쉐 카이엔 GTS 쿠페,,"40대 여성 SUV는 처음, 그게 포르쉐 카이엔 좋음 시야확보 좋고, 차뽑기가 잘되서 잔고장 없이 좋음 생각보다 차가 커서 주차는 어렵지만, 원래 주차에 약한 편"
2026 포르쉐 카이엔 GTS 쿠페,,포르쉐 입문용으로 타기 좋고 때론 패밀리카로 때론 스포츠카 처럼 타기 좋으며 감가가 적어요
2026 포르쉐 카이엔 GTS 쿠페,,"연비가 생각보다는 괜찮았음. 가득주유하면 시내+고속 포함해서 평균 700키로이상은 주행함. 승차감, 디자인은 말할것도 없고 편의기능은 가격대비 생각하면 부족함."
2026 포르쉐 카이엔 GTS 쿠페,,전체적으로 매우 만족합니다. 가격이 많이 오르긴했지만 이정도 품질이면 합당한 가격이라 생각됩니다. 하브가 경고등 이슈가 있는거 같던데 제차량은 괜찮네요.
2026 포르쉐 카이엔 GTS 쿠페,,"반응 좋고 잘나가고 차량 가격 생각하면 당연한 성능을 충분히 보여주는 차량, 디자인과 포르쉐 감성을 충분히 느낄수 있으나 엔진오일 등 각종 소모품 교체 및 유지 비용이 비정상적으로 높으며 이에 상응하는 서비스 센터의 서비스 수준은 분노할 만큼 엉망임. 차량 소프트웨어 및 각종 센서류가 비정상 및 오류가 많으며 해당 문제들에 대해 제조사도 정확히 해결 방법을 모르고 있음. 종합적으로 포르쉐 감성 하나로 타기엔 충분하나 품위 유지비를 상당히 감수해야함"
2026 포르쉐 카이엔 GTS 쿠페,,"비쌈, 특별한 특징 없음, 포르쉐 이름 값빼면 BMW가 훨 좋은 차임. 차알못 유투버 리뷰하는 사람들 말듣고 샀다가 후회함. 걍 BMW 살걸 ㅜ"
2026 포르쉐 카이엔 GTS 쿠페,,가격빼고 모두 괜찮음. 하브라서 복합연비 양호. 디자인 세련. 승차감 좋음.
2026 포르쉐 카이엔 GTS 쿠페,,생각보단 빠르지않고 승차감은 좋은편같네요 아아아가가가사사사하하하자자자카카카
2026 포르쉐 카이엔 GTS 쿠페,,고성능 suv 패밀리카입니다. 저는 매우 만족합니다. 연비는 시내주행에서 4~5정도이고 고속에서는 9정도 나오네요.
2026 포르쉐 카이엔 GTS,,여러가지 suv를 소유해 봤지만 모든면에서 최고입니다. 역시 포르쉐가 만들면 달라요.
2026 포르쉐 카이엔 GTS,,"40대 여성 SUV는 처음, 그게 포르쉐 카이엔 좋음 시야확보 좋고, 차뽑기가 잘되서 잔고장 없이 좋음 생각보다 차가 커서 주차는 어렵지만, 원래 주차에 약한 편"
2026 포르쉐 카이엔 GTS,,포르쉐 입문용으로 타기 좋고 때론 패밀리카로 때론 스포츠카 처럼 타기 좋으며 감가가 적어요
2026 포르쉐 카이엔 GTS,,"연비가 생각보다는 괜찮았음. 가득주유하면 시내+고속 포함해서 평균 700키로이상은 주행함. 승차감, 디자인은 말할것도 없고 편의기능은 가격대비 생각하면 부족함."
2026 포르쉐 카이엔 GTS,,전체적으로 매우 만족합니다. 가격이 많이 오르긴했지만 이정도 품질이면 합당한 가격이라 생각됩니다. 하브가 경고등 이슈가 있는거 같던데 제차량은 괜찮네요.
2026 포르쉐 카이엔 GTS,,"반응 좋고 잘나가고 차량 가격 생각하면 당연한 성능을 충분히 보여주는 차량, 디자인과 포르쉐 감성을 충분히 느낄수 있으나 엔진오일 등 각종 소모품 교체 및 유지 비용이 비정상적으로 높으며 이에 상응하는 서비스 센터의 서비스 수준은 분노할 만큼 엉망임. 차량 소프트웨어 및 각종 센서류가 비정상 및 오류가 많으며 해당 문제들에 대해 제조사도 정확히 해결 방법을 모르고 있음. 종합적으로 포르쉐 감성 하나로 타기엔 충분하나 품위 유지비를 상당히 감수해야함"
2026 포르쉐 카이엔 GTS,,"비쌈, 특별한 특징 없음, 포르쉐 이름 값빼면 BMW가 훨 좋은 차임. 차알못 유투버 리뷰하는 사람들 말듣고 샀다가 후회함. 걍 BMW 살걸 ㅜ"
2026 포르쉐 카이엔 GTS,,가격빼고 모두 괜찮음. 하브라서 복합연비 양호. 디자인 세련. 승차감 좋음.
2026 포르쉐 카이엔 GTS,,생각보단 빠르지않고 승차감은 좋은편같네요 아아아가가가사사사하하하자자자카카카
2026 포르쉐 카이엔 GTS,,고성능 suv 패밀리카입니다. 저는 매우 만족합니다. 연비는 시내주행에서 4~5정도이고 고속에서는 9정도 나오네요.
2026 포르쉐 카이엔 E-하이브리드 쿠페,,여러가지 suv를 소유해 봤지만 모든면에서 최고입니다. 역시 포르쉐가 만들면 달라요.
2026 포르쉐 카이엔 E-하이브리드 쿠페,,"40대 여성 SUV는 처음, 그게 포르쉐 카이엔 좋음 시야확보 좋고, 차뽑기가 잘되서 잔고장 없이 좋음 생각보다 차가 커서 주차는 어렵지만, 원래 주차에 약한 편"
2026 포르쉐 카이엔 E-하이브리드 쿠페,,포르쉐 입문용으로 타기 좋고 때론 패밀리카로 때론 스포츠카 처럼 타기 좋으며 감가가 적어요
2026 포르쉐 카이엔 E-하이브리드 쿠페,,"연비가 생각보다는 괜찮았음. 가득주유하면 시내+고속 포함해서 평균 700키로이상은 주행함. 승차감, 디자인은 말할것도 없고 편의기능은 가격대비 생각하면 부족함."
2026 포르쉐 카이엔 E-하이브리드 쿠페,,전체적으로 매우 만족합니다. 가격이 많이 오르긴했지만 이정도 품질이면 합당한 가격이라 생각됩니다. 하브가 경고등 이슈가 있는거 같던데 제차량은 괜찮네요.
2026 포르쉐 카이엔 E-하이브리드 쿠페,,"반응 좋고 잘나가고 차량 가격 생각하면 당연한 성능을 충분히 보여주는 차량, 디자인과 포르쉐 감성을 충분히 느낄수 있으나 엔진오일 등 각종 소모품 교체 및 유지 비용이 비정상적으로 높으며 이에 상응하는 서비스 센터의 서비스 수준은 분노할 만큼 엉망임. 차량 소프트웨어 및 각종 센서류가 비정상 및 오류가 많으며 해당 문제들에 대해 제조사도 정확히 해결 방법을 모르고 있음. 종합적으로 포르쉐 감성 하나로 타기엔 충분하나 품위 유지비를 상당히 감수해야함"
2026 포르쉐 카이엔 E-하이브리드 쿠페,,"비쌈, 특별한 특징 없음, 포르쉐 이름 값빼면 BMW가 훨 좋은 차임. 차알못 유투버 리뷰하는 사람들 말듣고 샀다가 후회함. 걍 BMW 살걸 ㅜ"
2026 포르쉐 카이엔 E-하이브리드 쿠페,,가격빼고 모두 괜찮음. 하브라서 복합연비 양호. 디자인 세련. 승차감 좋음.
2026 포르쉐 카이엔 E-하이브리드 쿠페,,생각보단 빠르지않고 승차감은 좋은편같네요 아아아가가가사사사하하하자자자카카카
2026 포르쉐 카이엔 E-하이브리드 쿠페,,고성능 suv 패밀리카입니다. 저는 매우 만족합니다. 연비는 시내주행에서 4~5정도이고 고속에서는 9정도 나오네요.
2026 포르쉐 카이엔 E-하이브리드,,여러가지 suv를 소유해 봤지만 모든면에서 최고입니다. 역시 포르쉐가 만들면 달라요.
2026 포르쉐 카이엔 E-하이브리드,,"40대 여성 SUV는 처음, 그게 포르쉐 카이엔 좋음 시야확보 좋고, 차뽑기가 잘되서 잔고장 없이 좋음 생각보다 차가 커서 주차는 어렵지만, 원래 주차에 약한 편"
2026 포르쉐 카이엔 E-하이브리드,,포르쉐 입문용으로 타기 좋고 때론 패밀리카로 때론 스포츠카 처럼 타기 좋으며 감가가 적어요
2026 포르쉐 카이엔 E-하이브리드,,"연비가 생각보다는 괜찮았음. 가득주유하면 시내+고속 포함해서 평균 700키로이상은 주행함. 승차감, 디자인은 말할것도 없고 편의기능은 가격대비 생각하면 부족함."
2026 포르쉐 카이엔 E-하이브리드,,전체적으로 매우 만족합니다. 가격이 많이 오르긴했지만 이정도 품질이면 합당한 가격이라 생각됩니다. 하브가 경고등 이슈가 있는거 같던데 제차량은 괜찮네요.
2026 포르쉐 카이엔 E-하이브리드,,"반응 좋고 잘나가고 차량 가격 생각하면 당연한 성능을 충분히 보여주는 차량, 디자인과 포르쉐 감성을 충분히 느낄수 있으나 엔진오일 등 각종 소모품 교체 및 유지 비용이 비정상적으로 높으며 이에 상응하는 서비스 센터의 서비스 수준은 분노할 만큼 엉망임. 차량 소프트웨어 및 각종 센서류가 비정상 및 오류가 많으며 해당 문제들에 대해 제조사도 정확히 해결 방법을 모르고 있음. 종합적으로 포르쉐 감성 하나로 타기엔 충분하나 품위 유지비를 상당히 감수해야함"
2026 포르쉐 카이엔 E-하이브리드,,"비쌈, 특별한 특징 없음, 포르쉐 이름 값빼면 BMW가 훨 좋은 차임. 차알못 유투버 리뷰하는 사람들 말듣고 샀다가 후회함. 걍 BMW 살걸 ㅜ"
2026 포르쉐 카이엔 E-하이브리드,,가격빼고 모두 괜찮음. 하브라서 복합연비 양호. 디자인 세련. 승차감 좋음.
2026 포르쉐 카이엔 E-하이브리드,,생각보단 빠르지않고 승차감은 좋은편같네요 아아아가가가사사사하하하자자자카카카
2026 포르쉐 카이엔 E-하이브리드,,고성능 suv 패밀리카입니다. 저는 매우 만족합니다. 연비는 시내주행에서 4~5정도이고 고속에서는 9정도 나오네요.
2026 포르쉐 카이엔,,여러가지 suv를 소유해 봤지만 모든면에서 최고입니다. 역시 포르쉐가 만들면 달라요.
2026 포르쉐 카이엔,,"40대 여성 SUV는 처음, 그게 포르쉐 카이엔 좋음 시야확보 좋고, 차뽑기가 잘되서 잔고장 없이 좋음 생각보다 차가 커서 주차는 어렵지만, 원래 주차에 약한 편"
2026 포르쉐 카이엔,,포르쉐 입문용으로 타기 좋고 때론 패밀리카로 때론 스포츠카 처럼 타기 좋으며 감가가 적어요
2026 포르쉐 카이엔,,"연비가 생각보다는 괜찮았음. 가득주유하면 시내+고속 포함해서 평균 700키로이상은 주행함. 승차감, 디자인은 말할것도 없고 편의기능은 가격대비 생각하면 부족함."
2026 포르쉐 카이엔,,전체적으로 매우 만족합니다. 가격이 많이 오르긴했지만 이정도 품질이면 합당한 가격이라 생각됩니다. 하브가 경고등 이슈가 있는거 같던데 제차량은 괜찮네요.
2026 포르쉐 카이엔,,"반응 좋고 잘나가고 차량 가격 생각하면 당연한 성능을 충분히 보여주는 차량, 디자인과 포르쉐 감성을 충분히 느낄수 있으나 엔진오일 등 각종 소모품 교체 및 유지 비용이 비정상적으로 높으며 이에 상응하는 서비스 센터의 서비스 수준은 분노할 만큼 엉망임. 차량 소프트웨어 및 각종 센서류가 비정상 및 오류가 많으며 해당 문제들에 대해 제조사도 정확히 해결 방법을 모르고 있음. 종합적으로 포르쉐 감성 하나로 타기엔 충분하나 품위 유지비를 상당히 감수해야함"
2026 포르쉐 카이엔,,"비쌈, 특별한 특징 없음, 포르쉐 이름 값빼면 BMW가 훨 좋은 차임. 차알못 유투버 리뷰하는 사람들 말듣고 샀다가 후회함. 걍 BMW 살걸 ㅜ"
2026 포르쉐 카이엔,,가격빼고 모두 괜찮음. 하브라서 복합연비 양호. 디자인 세련. 승차감 좋음.
2026 포르쉐 카이엔,,생각보단 빠르지않고 승차감은 좋은편같네요 아아아가가가사사사하하하자자자카카카
2026 포르쉐 카이엔,,고성능 suv 패밀리카입니다. 저는 매우 만족합니다. 연비는 시내주행에서 4~5정도이고 고속에서는 9정도 나오네요.
2026 포르쉐 마칸 일렉트릭,,"수입SUV ev중에는 소재도 그렇고 제일 고급스러움 (EQE,S SUV 500 580 / IX 등등 모든 전기 SUV는 다 시승했었음. 개인적으로 하이퍼스크린 기대 했는데 소재 떄문인지 조금 싼티남 디자인 만족, 차 성능은 전기 SUV중 가장 좋음.뭐 암튼 전체적으로 좋은데 출시 초기라 소프트웨어 오류 좀 있는게 아쉬움. 전반족으로 만족스러워서 카이엔 일렉버젼 기다리는중임. 포르쉐를 안타본 국산차 오너들이 유튜브에서 신나게 까기 바쁜 차량. 운행 계속 해보면 전체적으로 요소요소 잘 만드네 싶은면이 참 많음. 비엠 대비 공조 버튼, 비상등 버튼 등 바로 누르는 점도 좋고.. 이돈씨라고 하는데, 사람마다 기준도 다르고 내 기준 저렴한 가격애 나쁘지 않음. 마칸 일렉이 포르쉐 진입장벽을 좀 더 낮춰준것 같다 싶었는데 사람들 마다 느끼는게 다른가 봄., 암튼 차 좋습니다. 돈 벌어서 사세요. 카이엔 나오면 카이엔 사세요. 그런데 운전 재미가 제일 중요한 분이라면 마칸 터보가 와따임"
2026 포르쉐 마칸 일렉트릭,,"주행성능은 역시 포르쉐. 더구나 터보모델이라 더욱 만족스럽습니다. 가속도, 고속주행 안정성, 제동, 코너안정성 최고입니다. 운전하는 재미는 따라올 차가 없네요"
2026 포르쉐 마칸 일렉트릭,,크기도 적당하고 무엇보다 디자인이 잘빠짐 전기차 처음 끌어보는데 아직까지는 만족중
2026 포르쉐 911 타르가 GTS T-하이브리드,,터보S는 미친차임… 편안하고 빠르고 연비까지 끝내줌. 유유자적하며 다니기에 최고의 GT카
2026 포르쉐 911 타르가 GTS T-하이브리드,,나의 드림카를 드디어 손에 쥐었다. 차를 사기전에는 차를 꼭 사야지 하는 마음뿐이었는데 차를 사고 나서는 더 열심히 사는 원동력이 된다 평생 안팔고 끝까지 가져간다
2026 포르쉐 911 타르가 GTS T-하이브리드,,월급쟁이가 소유하고 실제로 데일리 운용가능한 최고의 드림카 ! 카브리올레 오픈하고 날씨 좋은 저녁에 노을 바라보며 달리는 기분은 타본 사람만 알 수 있죠 ㅎㅎ 터보S를 제외하면 수퍼카와 비길 수는 없겠으나 카레라 노말도 일반 도로에서는 차고 넘칩니다. 시동 거는 순간부터 느꺼지는 F6 엔진 특유의 감성과 진동을 느끼며 달리면 스트레스가 다 날아가네요 ㅎㅎ
2026 포르쉐 911 타르가 GTS T-하이브리드,,"포르쉐 911은 밟는 만큼 나가고, 밟는 만큼 선다. 주행 감각은 날카롭고 정밀하며, ‘포르쉐 노트’라 불리는 배기음은 감성을 자극한다. 실내는 GT카처럼 고급스럽고 완성도 높다. 뒷자리는 좁지만 아이들을 태우고 다니며 패밀리카로도 충분히 쓸 수 있다. 디자인? 말이 필요 없다. 그냥 911이다. 물론 단점도 있다. 2억 원대 차량치고 일부 마감이 아쉽고, 간헐적인 잡소리가 많으며 후방카메라는 뽑아버리고 싶을정도이다. 연비는 스포츠카 기준으론 양호하지만 일반 기준에선 낮은 편이다."
2026 포르쉐 911 타르가 GTS T-하이브리드,,제 드림카 911 너무좋아요 근데 가격이 ㄷㄷ해요 그래도 만족햐면서 잘타고 다닙니다
2026 포르쉐 911 타르가 GTS T-하이브리드,,박스터 gts 타다가 911로 넘어왔는데 박스터보다 좀 더 무겁고 고급스러워진 승차감. 기존 박스터의 경박스러운 느낌이 사라짐. 하지만 확실히 재미는 반감됨. 박스터가 좀 더 즐거운 차였음. 그래도 포르쉐 탈거면 911이지
2026 포르쉐 911 타르가 GTS T-하이브리드,,전체적으로 만족도가 높고 디자인이 예뻐서 두고두고 봐도 좋음. 기분낼때도 좋고 아이 등하원시킬때도 좋고 딱히 크게 단점이 없음
2026 포르쉐 911 타르가 GTS T-하이브리드,,가성비가 좋음. 특히 노말후륜 운전이 즐거움 다른차가 딱히 생각나지 않음
2026 포르쉐 911 타르가 GTS T-하이브리드,,항상 동경해온 차량 911를 소유하고 있다는것에 흥분되고 하루하루가 즐겁다.
2026 포르쉐 911 타르가 GTS T-하이브리드,,세상에 완벽한 차는 없겠지만 현존하는 차량 중에 가장 완벽에 가까운 차량
2026 포르쉐 911 카레라 GTS 카브리올레 T-하이브리드,,터보S는 미친차임… 편안하고 빠르고 연비까지 끝내줌. 유유자적하며 다니기에 최고의 GT카
2026 포르쉐 911 카레라 GTS 카브리올레 T-하이브리드,,나의 드림카를 드디어 손에 쥐었다. 차를 사기전에는 차를 꼭 사야지 하는 마음뿐이었는데 차를 사고 나서는 더 열심히 사는 원동력이 된다 평생 안팔고 끝까지 가져간다
2026 포르쉐 911 카레라 GTS 카브리올레 T-하이브리드,,월급쟁이가 소유하고 실제로 데일리 운용가능한 최고의 드림카 ! 카브리올레 오픈하고 날씨 좋은 저녁에 노을 바라보며 달리는 기분은 타본 사람만 알 수 있죠 ㅎㅎ 터보S를 제외하면 수퍼카와 비길 수는 없겠으나 카레라 노말도 일반 도로에서는 차고 넘칩니다. 시동 거는 순간부터 느꺼지는 F6 엔진 특유의 감성과 진동을 느끼며 달리면 스트레스가 다 날아가네요 ㅎㅎ
2026 포르쉐 911 카레라 GTS 카브리올레 T-하이브리드,,"포르쉐 911은 밟는 만큼 나가고, 밟는 만큼 선다. 주행 감각은 날카롭고 정밀하며, ‘포르쉐 노트’라 불리는 배기음은 감성을 자극한다. 실내는 GT카처럼 고급스럽고 완성도 높다. 뒷자리는 좁지만 아이들을 태우고 다니며 패밀리카로도 충분히 쓸 수 있다. 디자인? 말이 필요 없다. 그냥 911이다. 물론 단점도 있다. 2억 원대 차량치고 일부 마감이 아쉽고, 간헐적인 잡소리가 많으며 후방카메라는 뽑아버리고 싶을정도이다. 연비는 스포츠카 기준으론 양호하지만 일반 기준에선 낮은 편이다."
2026 포르쉐 911 카레라 GTS 카브리올레 T-하이브리드,,제 드림카 911 너무좋아요 근데 가격이 ㄷㄷ해요 그래도 만족햐면서 잘타고 다닙니다
2026 포르쉐 911 카레라 GTS 카브리올레 T-하이브리드,,박스터 gts 타다가 911로 넘어왔는데 박스터보다 좀 더 무겁고 고급스러워진 승차감. 기존 박스터의 경박스러운 느낌이 사라짐. 하지만 확실히 재미는 반감됨. 박스터가 좀 더 즐거운 차였음. 그래도 포르쉐 탈거면 911이지
2026 포르쉐 911 카레라 GTS 카브리올레 T-하이브리드,,전체적으로 만족도가 높고 디자인이 예뻐서 두고두고 봐도 좋음. 기분낼때도 좋고 아이 등하원시킬때도 좋고 딱히 크게 단점이 없음
2026 포르쉐 911 카레라 GTS 카브리올레 T-하이브리드,,가성비가 좋음. 특히 노말후륜 운전이 즐거움 다른차가 딱히 생각나지 않음
2026 포르쉐 911 카레라 GTS 카브리올레 T-하이브리드,,항상 동경해온 차량 911를 소유하고 있다는것에 흥분되고 하루하루가 즐겁다.
2026 포르쉐 911 카레라 GTS 카브리올레 T-하이브리드,,세상에 완벽한 차는 없겠지만 현존하는 차량 중에 가장 완벽에 가까운 차량
2026 포르쉐 911 카레라 GTS T-하이브리드,,터보S는 미친차임… 편안하고 빠르고 연비까지 끝내줌. 유유자적하며 다니기에 최고의 GT카
2026 포르쉐 911 카레라 GTS T-하이브리드,,나의 드림카를 드디어 손에 쥐었다. 차를 사기전에는 차를 꼭 사야지 하는 마음뿐이었는데 차를 사고 나서는 더 열심히 사는 원동력이 된다 평생 안팔고 끝까지 가져간다
2026 포르쉐 911 카레라 GTS T-하이브리드,,월급쟁이가 소유하고 실제로 데일리 운용가능한 최고의 드림카 ! 카브리올레 오픈하고 날씨 좋은 저녁에 노을 바라보며 달리는 기분은 타본 사람만 알 수 있죠 ㅎㅎ 터보S를 제외하면 수퍼카와 비길 수는 없겠으나 카레라 노말도 일반 도로에서는 차고 넘칩니다. 시동 거는 순간부터 느꺼지는 F6 엔진 특유의 감성과 진동을 느끼며 달리면 스트레스가 다 날아가네요 ㅎㅎ
2026 포르쉐 911 카레라 GTS T-하이브리드,,"포르쉐 911은 밟는 만큼 나가고, 밟는 만큼 선다. 주행 감각은 날카롭고 정밀하며, ‘포르쉐 노트’라 불리는 배기음은 감성을 자극한다. 실내는 GT카처럼 고급스럽고 완성도 높다. 뒷자리는 좁지만 아이들을 태우고 다니며 패밀리카로도 충분히 쓸 수 있다. 디자인? 말이 필요 없다. 그냥 911이다. 물론 단점도 있다. 2억 원대 차량치고 일부 마감이 아쉽고, 간헐적인 잡소리가 많으며 후방카메라는 뽑아버리고 싶을정도이다. 연비는 스포츠카 기준으론 양호하지만 일반 기준에선 낮은 편이다."
2026 포르쉐 911 카레라 GTS T-하이브리드,,제 드림카 911 너무좋아요 근데 가격이 ㄷㄷ해요 그래도 만족햐면서 잘타고 다닙니다
2026 포르쉐 911 카레라 GTS T-하이브리드,,박스터 gts 타다가 911로 넘어왔는데 박스터보다 좀 더 무겁고 고급스러워진 승차감. 기존 박스터의 경박스러운 느낌이 사라짐. 하지만 확실히 재미는 반감됨. 박스터가 좀 더 즐거운 차였음. 그래도 포르쉐 탈거면 911이지
2026 포르쉐 911 카레라 GTS T-하이브리드,,전체적으로 만족도가 높고 디자인이 예뻐서 두고두고 봐도 좋음. 기분낼때도 좋고 아이 등하원시킬때도 좋고 딱히 크게 단점이 없음
2026 포르쉐 911 카레라 GTS T-하이브리드,,가성비가 좋음. 특히 노말후륜 운전이 즐거움 다른차가 딱히 생각나지 않음
2026 포르쉐 911 카레라 GTS T-하이브리드,,항상 동경해온 차량 911를 소유하고 있다는것에 흥분되고 하루하루가 즐겁다.
2026 포르쉐 911 카레라 GTS T-하이브리드,,세상에 완벽한 차는 없겠지만 현존하는 차량 중에 가장 완벽에 가까운 차량
2026 포르쉐 911 GT3,,터보S는 미친차임… 편안하고 빠르고 연비까지 끝내줌. 유유자적하며 다니기에 최고의 GT카
2026 포르쉐 911 GT3,,나의 드림카를 드디어 손에 쥐었다. 차를 사기전에는 차를 꼭 사야지 하는 마음뿐이었는데 차를 사고 나서는 더 열심히 사는 원동력이 된다 평생 안팔고 끝까지 가져간다
2026 포르쉐 911 GT3,,월급쟁이가 소유하고 실제로 데일리 운용가능한 최고의 드림카 ! 카브리올레 오픈하고 날씨 좋은 저녁에 노을 바라보며 달리는 기분은 타본 사람만 알 수 있죠 ㅎㅎ 터보S를 제외하면 수퍼카와 비길 수는 없겠으나 카레라 노말도 일반 도로에서는 차고 넘칩니다. 시동 거는 순간부터 느꺼지는 F6 엔진 특유의 감성과 진동을 느끼며 달리면 스트레스가 다 날아가네요 ㅎㅎ
2026 포르쉐 911 GT3,,"포르쉐 911은 밟는 만큼 나가고, 밟는 만큼 선다. 주행 감각은 날카롭고 정밀하며, ‘포르쉐 노트’라 불리는 배기음은 감성을 자극한다. 실내는 GT카처럼 고급스럽고 완성도 높다. 뒷자리는 좁지만 아이들을 태우고 다니며 패밀리카로도 충분히 쓸 수 있다. 디자인? 말이 필요 없다. 그냥 911이다. 물론 단점도 있다. 2억 원대 차량치고 일부 마감이 아쉽고, 간헐적인 잡소리가 많으며 후방카메라는 뽑아버리고 싶을정도이다. 연비는 스포츠카 기준으론 양호하지만 일반 기준에선 낮은 편이다."
2026 포르쉐 911 GT3,,제 드림카 911 너무좋아요 근데 가격이 ㄷㄷ해요 그래도 만족햐면서 잘타고 다닙니다
2026 포르쉐 911 GT3,,박스터 gts 타다가 911로 넘어왔는데 박스터보다 좀 더 무겁고 고급스러워진 승차감. 기존 박스터의 경박스러운 느낌이 사라짐. 하지만 확실히 재미는 반감됨. 박스터가 좀 더 즐거운 차였음. 그래도 포르쉐 탈거면 911이지
2026 포르쉐 911 GT3,,전체적으로 만족도가 높고 디자인이 예뻐서 두고두고 봐도 좋음. 기분낼때도 좋고 아이 등하원시킬때도 좋고 딱히 크게 단점이 없음
2026 포르쉐 911 GT3,,가성비가 좋음. 특히 노말후륜 운전이 즐거움 다른차가 딱히 생각나지 않음
2026 포르쉐 911 GT3,,항상 동경해온 차량 911를 소유하고 있다는것에 흥분되고 하루하루가 즐겁다.
2026 포르쉐 911 GT3,,세상에 완벽한 차는 없겠지만 현존하는 차량 중에 가장 완벽에 가까운 차량
2026 토요타 프리우스,,연비 우주 최강인 차량임 디자인도 훌륭하고 주행성능 탁월하지만 실내소음 큼
2026 토요타 프리우스,,세련된 디자인에 우수한 연비를 보장함. 다만 뒷좌석은 키큰 성인 남성이 장시간 타기엔 무리가 있다.
2026 토요타 프리우스,,"실내공간 거주성이 체형에 따라 다르겠지만 적응하면 크게 불편하진않음. 다만 무릅양옆이 모서리에 닿아 아픈게 신경쓰이고 야구모자쓰고 타면 천장에 계속 걸림.전동 트렁크 빠진것과 어라운드뷰 없는것 아쉬움.팔걸이가 인체공학적이지 않고 불편하며 변속기 주변 피아노 블랙 관리 불편함. 주행과 연비,안전보조등은 만족함. 엔진솔 유입 좀 거슬림"
2026 토요타 프리우스,,2013년 프리우스를 5년 동안 타고 만족도가 높아 10년만에 다시 구매했는데 만족도 극상입니다. 1. 미래지향적인 디자인 2. 안전 및 편의 사양 3. 출력 및 연비 4. 충돌테스트 세이프티 픽 플러스라 또 안심 앞으로 쭉 안전하게 탈 예정입니다.
2026 토요타 프리우스,,주행 부족하지 않고 가격 괜찮고 182기준 1열 여유 2열은 좁으나 내가 탈일이 앞으로 손에 꼽을 것이기 때문에 문제 없고 품질 디자인 좋고 연비는 최고
2026 토요타 프리우스,,국산차보단 내부옵션이 부족하긴 하지만 성능면에선.. 말이 필요없네요 만족중입니다
2026 토요타 프리우스,,"연비, 디자인, 주행감 모두 너무 마음에 듬 세컨차로 구입했으나 메인으로 타는 벤츠GLC보다 더 자주 타게 됨"
2026 토요타 프리우스,,국산차 하이브리드 가격이랑 차이가없고 국산차 하이브리즈살빠에 검증된 토요타하이브리드가 낫다고 판단 연비가 28키로씩 찍히는기적을 보여줌 디자인도 좋아
2026 토요타 프리우스,,"연비왕 프리우스답게 25~27 기본 겨울 최저 18~20연비 나옵니다, 5세대 상당히 앞유리가 낮습니다, 차주분 키177이하 추천합니다. 5세대 희소성도 낮아좋고 암튼 프리우스 차주라 행복합니다"
2026 토요타 프리우스,,예상했던 승차감보다 훨씬 좋았고 가격을 빼곤 다 만족합니다. 할인이 없는게 좀 아쉽네요 ㅠㅠ
2026 기아 카니발 하이리무진 하이브리드,,"기대 이상으로 편안하고, 운전할때 편합니다. 가족과 함께 여행하기 너무 좋아요"
2026 기아 카니발 하이리무진 하이브리드,,전반적으로 좋음. 정숙함 연비 편의성
2026 기아 카니발 하이리무진 하이브리드,,"주행성능, 디자인, 연비, 실내 공간 우수성 무엇하나 빠짐없이 마음에 듭니다."
2026 기아 카니발 하이리무진 하이브리드,,"거주성은 좋습니다. 승차감이 오디세이 수준까지는 안됩니다 특히 3열 까지 고정으로 이용한다면 카니발과 오디세이, 시에나 꼭 3열 타보고 결정 하세요. 카니발로 고속도로에서 빨리 달리는 차들 종종 보는데, 직진은 좋지만 자세안전성이 좋은편이 아니라 할배운전 추천 합니다. 펀드라이빙 하시려면 다른차를 알아 보세요. 실연비는 트립에 찍힌거에서 10%정도 빼면 맞습니다. 트립 누적 15.4 실제 주유연비 13.6 17,000Km 시내:고속 7:3 입니다"
2026 기아 카니발 하이리무진 하이브리드,,패밀리카로 이만한 차가 없다고 생각합니다 공간감 주행감 다 준수하네요 ㅎㅎ
2026 기아 카니발 하이리무진 하이브리드,,생각보다 연비잘나오고 괜찮아요. 넓어서 이동하기 편합니다. 뒷자석 승객을위한 카니발인듯
2026 기아 카니발 하이리무진 하이브리드,,유지비 줄이겠다고 3.5에서. 갈아탔습니다. 한달 4번주유 40~50만원에서(톨비제외) 한달1번으로 12만원(톨비포함)줄었네요. 바꾸길 정말잘한것같습니다.
2026 기아 카니발 하이리무진 하이브리드,,얌전하게 발컨잘하고하면 카니발 오너들 욕안먹겠는데요 쭈우욱 가야지 가족용으로 7인선택 잘한듯요
2026 기아 카니발 하이리무진 하이브리드,,연비 하나 믿고 갑니다....민폐운전 하면...17에서. 20까지 나와요...근데..가격조금 사악하거 빠른 주행은 어려워요
2026 기아 카니발 하이리무진 하이브리드,,"오르막에서 정차했다가 올라갈때 약간 RPM 올라가는 거 제외하면, 연비 주행감 승차감 활용성 매우 만족함"
2026 기아 카니발 하이리무진,,구매한지 1년도 안 됐는데 배터리가 불량. 어린 자녀가 셋이라 선택지가 없어서 구매했을 뿐.
2026 기아 카니발 하이리무진,,2025년 1월 말경 차량을 인수해 2만키로를 훌쩍 넘겼네요 평소 출퇴근으로 하루 70~80키로 거리에 70~90속도로 다니는데 연비는 계절에 따라 조금 다루지만 평균 16 정도는 나와 만족합니다. 패밀리카로 대만족하지만 가격 조금만 낮춘다면 더 좋을것 같어요
2026 기아 카니발 하이리무진,,요즘 디젤차 너무 좋아요...소리 진동도 많이 개선돼어서 제 차에 다른분이 타고도 연료가 휘발유나 하이브리드냐 물어보곤한네요 물론 연비도 좋고 만족스러워요
2026 기아 카니발 하이리무진,,연비가 좀 거시기 하지만 덩치생각하면 준수하다고 봅니다. 아이가 둘 이상이다? 대안이 없다고 봅니다.
2026 기아 카니발 하이리무진,,아이들이 정말 좋아하고 가격대비 너무 만족스러운 차입니다. 가족형 차를 찾으신다면 후회하지않을꺼예요!
2026 기아 카니발 하이리무진,,만족만족 대만족합니다~~~~~~~~ㅎㅎㅎ 특히 패밀리카로는 이만한차가없죠ㅎ
2026 기아 카니발 하이리무진,,카니발은 4륜으로 반드시 해야됩니다. 뒤가 안따라와요. 그리고 외부마감이 안타깝네요. 이것만 해결되면 완벽합니다.
2026 기아 카니발 하이리무진,,중고차 가격이 유지되는 차는 다 이유가 있겠지요 ? 팰리세이드보다 가격이 위라는거는 최고의 패밀리카라는뜻
2026 기아 카니발 하이리무진,,"렉서스 rx350 10년정도 타다가. 카니발로 넘어왔네요. 같은 v6 3500cc인데.. 주행하다보니 자꾸 비교가되네요. 일단.디자인은 좋아요. 거주성최고. 아이들링.상태나 저속 60-70km미만에선 아주조용하고 S클래스 느낌날정도로 좋더라구요 하지만 80km넘어가면서 노면(바닥소음)을 읽으면서 가는게 느끼지고.. 고속으로가면 10년넘은 렉서스 보다 시끄럽네요 그래도 첨단장비 탑제되어 주행이 편해요 신세계를 경험중입니다. 시내주행은 렉서스보다 좀 못나오는듯하며, 고속80km이상주행은 연비가 13정도 나와줘서 좋네요 엔진룸 열면 소음이.좀 나는편인데 실내에선 아주조용하네요. 10년넘은 렉서스는 엔진룸열어도 엔진소음이 조용한편이였.... 2025년식이라 최첨단장비를 몸소느끼며 즐겁게.타고있습니다. 이제 신차 900km주행했네요 ㅎㅎ 잔고장없이 이차도 렉서스처럼 10년넘게 탔으면 합니다."
2026 기아 카니발 하이리무진,,연비는 cc 고려하면 나쁘지 않고 전체적으로 가족 차량으로 가성비 갑!
